"Symbol","Name","LastSale","MarketCap","ADR TSO","IPOyear","Sector","Industry","Summary Quote",
"VNET","21Vianet Group, Inc.","20.14","955838337.86","47459699","2011","Technology","Computer Software: Programming, Data Processing","http://www.nasdaq.com/symbol/vnet",
"TWOU","2U, Inc.","28.77","1185809263.59","n/a","2014","Technology","Computer Software: Prepackaged Software","http://www.nasdaq.com/symbol/twou",
"DDD","3D Systems Corporation","30.15","3370682353.95","n/a","n/a","Technology","Computer Software: Prepackaged Software","http://www.nasdaq.com/symbol/ddd",
"JOBS","51job, Inc.","36.19","834740408.81","23065499","2004","Technology","Diversified Commercial Services","http://www.nasdaq.com/symbol/jobs",
"WUBA","58.com Inc.","78.26","6871476162.46","n/a","2013","Technology","Computer Software: Programming, Data Processing","http://www.nasdaq.com/symbol/wuba",
"ATEN","A10 Networks, Inc.","4.7","289258266.4","n/a","2014","Technology","Computer Communications Equipment","http://www.nasdaq.com/symbol/aten",
"AAN","Aaron&#39;s,  Inc.","29.37","2130210564.24","n/a","n/a","Technology","Diversified Commercial Services","http://www.nasdaq.com/symbol/aan",
"ACIW","ACI Worldwide, Inc.","22.13","2564415769.3","n/a","n/a","Technology","Computer Software: Prepackaged Software","http://www.nasdaq.com/symbol/aciw",
"ACTS","Actions Semiconductor Co., Ltd.","1.57","53398029.88","34011484","2005","Technology","Semiconductors","http://www.nasdaq.com/symbol/acts",
"ATVI","Activision Blizzard, Inc","23.745","17165696268.24","n/a","n/a","Technology","Computer Software: Prepackaged Software","http://www.nasdaq.com/symbol/atvi",
"ACTA","Actua Corporation","14.75","596552068","n/a","n/a","Technology","EDP Services","http://www.nasdaq.com/symbol/acta",
"ATU","Actuant Corporation","24.27","1445501419.95","n/a","n/a","Technology","Industrial Machinery/Components","http://www.nasdaq.com/symbol/atu",
"ACXM","Acxiom Corporation","18.41","1422651859.58","n/a","n/a","Technology","EDP Services","http://www.nasdaq.com/symbol/acxm",
"ADEP","Adept Technology, Inc.","6.36","83339729.16","n/a","n/a","Technology","Industrial Machinery/Components","http://www.nasdaq.com/symbol/adep",
"ADBE","Adobe Systems Incorporated","76.52","38280591532","n/a","1986","Technology","Computer Software: Prepackaged Software","http://www.nasdaq.com/symbol/adbe",
"AMD","Advanced Micro Devices, Inc.","2.33","1812122568.64","n/a","n/a","Technology","Semiconductors","http://www.nasdaq.com/symbol/amd",
"API","Advanced Photonix, Inc.","0.4","14952565.2","n/a","n/a","Technology","Semiconductors","http://www.nasdaq.com/symbol/api",
"ASX","Advanced Semiconductor Engineering, Inc.","7.3","11484663307.7","n/a","n/a","Technology","Semiconductors","http://www.nasdaq.com/symbol/asx",
"ATE","Advantest Corporation (Kabushiki Kaisha Advantest) ADS","12.89","2246414133.92","n/a","n/a","Technology","Semiconductors","http://www.nasdaq.com/symbol/ate",
"ADVS","Advent Software, Inc.","43.88","2297133928.44","n/a","1995","Technology","EDP Services","http://www.nasdaq.com/symbol/advs",
"AER","Aercap Holdings N.V.","46.61","9896155543.51","n/a","2006","Technology","Diversified Commercial Services","http://www.nasdaq.com/symbol/aer",
"ACY","AeroCentury Corp.","12.1","18673409.7","n/a","n/a","Technology","Diversified Commercial Services","http://www.nasdaq.com/symbol/acy",
"HIVE","Aerohive Networks, Inc.","5.21","242888746.41","n/a","2014","Technology","EDP Services","http://www.nasdaq.com/symbol/hive",
"WGA","AG&E Holdings, Inc.","0.8895","10389360","n/a","n/a","Technology","Radio And Television Broadcasting And Communications Equipment","http://www.nasdaq.com/symbol/wga",
"AGYS","Agilysys, Inc.","10.02","228681991.08","n/a","n/a","Technology","EDP Services","http://www.nasdaq.com/symbol/agys",
"AL","Air Lease Corporation","39.07","4006961728.03","n/a","2011","Technology","Diversified Commercial Services","http://www.nasdaq.com/symbol/al",
"AYR","Aircastle Limited","24.08","1954841682.64","n/a","2006","Technology","Diversified Commercial Services","http://www.nasdaq.com/symbol/ayr",
"AMCN","AirMedia Group Inc","5","215996720","43199344","2007","Technology","Advertising","http://www.nasdaq.com/symbol/amcn",
"AIXG","Aixtron SE","6.96","32972464.08","4737423","n/a","Technology","Industrial Machinery/Components","http://www.nasdaq.com/symbol/aixg",
"AFOP","Alliance Fiber Optic Products, Inc.","19.76","350146370.08","n/a","2000","Technology","Semiconductors","http://www.nasdaq.com/symbol/afop",
"ALLT","Allot Communications Ltd.","8.93","297920239.97","n/a","2006","Technology","Computer Communications Equipment","http://www.nasdaq.com/symbol/allt",
"MDRX","Allscripts Healthcare Solutions, Inc.","12.74","2303535847.34","n/a","n/a","Technology","EDP Services","http://www.nasdaq.com/symbol/mdrx",
"AOSL","Alpha and Omega Semiconductor Limited","8.61","229515616.26","n/a","2010","Technology","Semiconductors","http://www.nasdaq.com/symbol/aosl",
"ALTR","Altera Corporation","42.09","12668459954.79","n/a","1988","Technology","Semiconductors","http://www.nasdaq.com/symbol/altr",
"AMBA","Ambarella, Inc.","73.45","2301071714.5","n/a","2012","Technology","Semiconductors","http://www.nasdaq.com/symbol/amba",
"AMBR","Amber Road, Inc.","9.1","236858121.5","n/a","2014","Technology","Computer Software: Prepackaged Software","http://www.nasdaq.com/symbol/ambr",
"DOX","Amdocs Limited","54.985","8542469600","n/a","n/a","Technology","EDP Services","http://www.nasdaq.com/symbol/dox",
"AMSWA","American Software, Inc.","10.18","287520031.24","n/a","n/a","Technology","Computer Software: Prepackaged Software","http://www.nasdaq.com/symbol/amswa",
"AMKR","Amkor Technology, Inc.","8.53","2024731237.89","n/a","1998","Technology","Semiconductors","http://www.nasdaq.com/symbol/amkr",
"AHS","AMN Healthcare Services Inc","24.19","1141786311.83","n/a","2001","Technology","Professional Services","http://www.nasdaq.com/symbol/ahs",
"ASYS","Amtech Systems, Inc.","12.2","159317579.6","n/a","n/a","Technology","Industrial Machinery/Components","http://www.nasdaq.com/symbol/asys",
"ANAD","ANADIGICS, Inc.","1.36","119235061.04","n/a","1995","Technology","Semiconductors","http://www.nasdaq.com/symbol/anad",
"ADI","Analog Devices, Inc.","63.59","19816385412.15","n/a","n/a","Technology","Semiconductors","http://www.nasdaq.com/symbol/adi",
"ANSS","ANSYS, Inc.","88.07","7898354948.65","n/a","1996","Technology","Computer Software: Prepackaged Software","http://www.nasdaq.com/symbol/anss",
"AOL","AOL Inc.","40.84","3198949049.64","n/a","n/a","Technology","EDP Services","http://www.nasdaq.com/symbol/aol",
"ATNY","API Technologies Corp.","2.06","114118611.04","n/a","n/a","Technology","Semiconductors","http://www.nasdaq.com/symbol/atny",
"AAPL","Apple Inc.","129.67","755295073160","n/a","1980","Technology","Computer Manufacturing","http://www.nasdaq.com/symbol/aapl",
"AMAT","Applied Materials, Inc.","22.17","27240206326.74","n/a","1972","Technology","Semiconductors","http://www.nasdaq.com/symbol/amat",
"AMCC","Applied Micro Circuits Corporation","5.1","403614668.1","n/a","1997","Technology","Semiconductors","http://www.nasdaq.com/symbol/amcc",
"AAOI","Applied Optoelectronics, Inc.","15","223653600","n/a","2013","Technology","Semiconductors","http://www.nasdaq.com/symbol/aaoi",
"ARIS","ARI Network Services, Inc.","3.27","46920625.05","n/a","1991","Technology","Computer Software: Programming, Data Processing","http://www.nasdaq.com/symbol/aris",
"ANET","Arista Networks, Inc.","66.15","4382076982.5","n/a","2014","Technology","Computer Communications Equipment","http://www.nasdaq.com/symbol/anet",
"ARMH","ARM Holdings plc","53.95","6897918706.9","127857622","n/a","Technology","Semiconductors","http://www.nasdaq.com/symbol/armh",
"ARRS","ARRIS Group, Inc.","37.3","5414523577","n/a","n/a","Technology","Radio And Television Broadcasting And Communications Equipment","http://www.nasdaq.com/symbol/arrs",
"ARUN","Aruba Networks, Inc.","24.635","2672014975.76","n/a","2007","Technology","Computer peripheral equipment","http://www.nasdaq.com/symbol/arun",
"ASTI","Ascent Solar Technologies, Inc.","1.14","28696522.32","n/a","n/a","Technology","Semiconductors","http://www.nasdaq.com/symbol/asti",
"ASMI","ASM International N.V.","48.21","118750968.42","2463202","n/a","Technology","Industrial Machinery/Components","http://www.nasdaq.com/symbol/asmi",
"ASML","ASML Holding N.V.","108.69","8963456810.79","82468091","1995","Technology","Industrial Machinery/Components","http://www.nasdaq.com/symbol/asml",
"AZPN","Aspen Technology, Inc.","41.43","3655068656.79","n/a","1994","Technology","EDP Services","http://www.nasdaq.com/symbol/azpn",
"ALOT","Astro-Med, Inc.","14.02","101871198.68","n/a","1983","Technology","Computer peripheral equipment","http://www.nasdaq.com/symbol/alot",
"ASUR","Asure Software Inc","5.4","32720198.4","n/a","n/a","Technology","EDP Services","http://www.nasdaq.com/symbol/asur",
"ATML","Atmel Corporation","8.16","3405802488.96","n/a","1991","Technology","Semiconductors","http://www.nasdaq.com/symbol/atml",
"ATTU","Attunity Ltd.","10.38","159599932.08","n/a","n/a","Technology","Computer Software: Prepackaged Software","http://www.nasdaq.com/symbol/attu",
"AUO","AU Optronics Corp","5.06","4869868025.66","n/a","2002","Technology","Semiconductors","http://www.nasdaq.com/symbol/auo",
"ADNC","Audience, Inc.","5.46","127710934.26","n/a","2012","Technology","Semiconductors","http://www.nasdaq.com/symbol/adnc",
"ADAT","Authentidate Holding Corp.","0.24","10071388.32","n/a","n/a","Technology","EDP Services","http://www.nasdaq.com/symbol/adat",
"ABTL","Autobytel Inc.","15.37","136491394.49","n/a","1999","Technology","Computer Software: Programming, Data Processing","http://www.nasdaq.com/symbol/abtl",
"ADSK","Autodesk, Inc.","62.75","14257070829","n/a","n/a","Technology","Computer Software: Prepackaged Software","http://www.nasdaq.com/symbol/adsk",
"ATHM","Autohome Inc.","52.39","5794447319.57","n/a","2013","Technology","EDP Services","http://www.nasdaq.com/symbol/athm",
"ADP","Automatic Data Processing, Inc.","85.765","40751420885.68","n/a","n/a","Technology","EDP Services","http://www.nasdaq.com/symbol/adp",
"AVGO","Avago Technologies Limited","124.07","31834776757.61","n/a","2009","Technology","Semiconductors","http://www.nasdaq.com/symbol/avgo",
"AVG","AVG Technologies N.V.","21.42","1106676487.98","n/a","2012","Technology","Computer Software: Prepackaged Software","http://www.nasdaq.com/symbol/avg",
"AVNW","Aviat Networks, Inc.","1.19","74170635.35","n/a","n/a","Technology","Radio And Television Broadcasting And Communications Equipment","http://www.nasdaq.com/symbol/avnw",
"AVOL","Avolon Holdings Limited","22.17","1810870674.27","n/a","2014","Technology","Diversified Commercial Services","http://www.nasdaq.com/symbol/avol",
"AWRE","Aware, Inc.","4.4","100608486","n/a","1996","Technology","Computer Software: Prepackaged Software","http://www.nasdaq.com/symbol/awre",
"ACLS","Axcelis Technologies, Inc.","2.65","300729957.95","n/a","2000","Technology","Industrial Machinery/Components","http://www.nasdaq.com/symbol/acls",
"AXTI","AXT Inc","2.47","80714813.14","n/a","1998","Technology","Semiconductors","http://www.nasdaq.com/symbol/axti",
"BOSC","B.O.S. Better Online Solutions","2.34","3132061.92","n/a","n/a","Technology","Computer Communications Equipment","http://www.nasdaq.com/symbol/bosc",
"BIDU","Baidu, Inc.","212.28","58814846605.2","277062590","2005","Technology","Computer Software: Programming, Data Processing","http://www.nasdaq.com/symbol/bidu",
"CUDA","Barracuda Networks, Inc.","45.88","2409077179.48","n/a","2013","Technology","Computer peripheral equipment","http://www.nasdaq.com/symbol/cuda",
"BBSI","Barrett Business Services, Inc.","41.8","298359663.8","n/a","1993","Technology","Professional Services","http://www.nasdaq.com/symbol/bbsi",
"BV","Bazaarvoice, Inc.","5.79","460224785.34","n/a","2012","Technology","Computer Software: Prepackaged Software","http://www.nasdaq.com/symbol/bv",
"BHE","Benchmark Electronics, Inc.","24.46","1285196814.62","n/a","n/a","Technology","Electrical Products","http://www.nasdaq.com/symbol/bhe",
"BNFT","Benefitfocus, Inc.","36.89","1049884235.4","n/a","2013","Technology","Computer Software: Prepackaged Software","http://www.nasdaq.com/symbol/bnft",
"BGSF","BG Staffing Inc","12","79177740","n/a","n/a","Technology","Professional Services","http://www.nasdaq.com/symbol/bgsf",
"BITA","Bitauto Holdings Limited","58.77","2485138875.57","n/a","2010","Technology","EDP Services","http://www.nasdaq.com/symbol/bita",
"BBOX","Black Box Corporation","19.8","304191360","n/a","n/a","Technology","Computer Communications Equipment","http://www.nasdaq.com/symbol/bbox",
"BLKB","Blackbaud, Inc.","50.47","2337270343.24","n/a","2004","Technology","Computer Software: Prepackaged Software","http://www.nasdaq.com/symbol/blkb",
"BDR","Blonder Tongue Laboratories, Inc.","0.77","4822306.72","n/a","n/a","Technology","Radio And Television Broadcasting And Communications Equipment","http://www.nasdaq.com/symbol/bdr",
"BCOR","Blucora, Inc.","13.9","570512267.2","n/a","n/a","Technology","EDP Services","http://www.nasdaq.com/symbol/bcor",
"EPAY","Bottomline Technologies, Inc.","27.75","1106395136.25","n/a","1999","Technology","Computer Software: Prepackaged Software","http://www.nasdaq.com/symbol/epay",
"BOX","Box, Inc.","18.28","2189737600.52","n/a","2015","Technology","Computer Software: Prepackaged Software","http://www.nasdaq.com/symbol/box",
"BLIN          ","Bridgeline Digital, Inc.","0.4","8882760.4","n/a","n/a","Technology","Computer Software: Prepackaged Software","http://www.nasdaq.com/symbol/blin          ",
"BCOV","Brightcove Inc.","6.84","222486472.08","n/a","2012","Technology","EDP Services","http://www.nasdaq.com/symbol/bcov",
"BRCM","Broadcom Corporation","45.44","27173120000","n/a","1998","Technology","Semiconductors","http://www.nasdaq.com/symbol/brcm",
"BSFT","BroadSoft, Inc.","34.72","1006074634.88","n/a","2010","Technology","Computer Software: Prepackaged Software","http://www.nasdaq.com/symbol/bsft",
"BVSN","BroadVision, Inc.","5.7","27543699.6","n/a","1996","Technology","Computer Software: Prepackaged Software","http://www.nasdaq.com/symbol/bvsn",
"BRCD","Brocade Communications Systems, Inc.","11.98","5052286584.8","n/a","1999","Technology","Computer Communications Equipment","http://www.nasdaq.com/symbol/brcd",
"BRKS","Brooks Automation, Inc.","11.12","748532313.84","n/a","1995","Technology","Industrial Machinery/Components","http://www.nasdaq.com/symbol/brks",
"CA","CA Inc.","32.075","14202978489.975","n/a","n/a","Technology","Computer Software: Prepackaged Software","http://www.nasdaq.com/symbol/ca",
"CCMP","Cabot Microelectronics Corporation","50.14","1207084950.74","n/a","2000","Technology","Semiconductors","http://www.nasdaq.com/symbol/ccmp",
"CACI","CACI International, Inc.","89.91","2172476718.63","n/a","n/a","Technology","EDP Services","http://www.nasdaq.com/symbol/caci",
"CDNS","Cadence Design Systems, Inc.","19.22","5623327979.56","n/a","n/a","Technology","Computer Software: Prepackaged Software","http://www.nasdaq.com/symbol/cdns",
"CAP","Cai International, Inc.","24.85","516588683.45","n/a","2007","Technology","Diversified Commercial Services","http://www.nasdaq.com/symbol/cap",
"CAMP","CalAmp Corp.","21.75","787902102","n/a","1983","Technology","Radio And Television Broadcasting And Communications Equipment","http://www.nasdaq.com/symbol/camp",
"CALD","Callidus Software, Inc.","13.42","658590364.96","n/a","2003","Technology","EDP Services","http://www.nasdaq.com/symbol/cald",
"CSIQ","Canadian Solar Inc.","36.49","1978839673.07","n/a","2006","Technology","Semiconductors","http://www.nasdaq.com/symbol/csiq",
"CARB","Carbonite, Inc.","11.19","304922789.01","n/a","2011","Technology","EDP Services","http://www.nasdaq.com/symbol/carb",
"CSLT","Castlight Health, inc.","7.92","737303806.8","n/a","2014","Technology","EDP Services","http://www.nasdaq.com/symbol/cslt",
"CAVM","Cavium, Inc.","70.14","3858474485.88","n/a","2007","Technology","Semiconductors","http://www.nasdaq.com/symbol/cavm",
"CBDE","CBD Energy Limited","0.9","4179405.6","n/a","n/a","Technology","Semiconductors","http://www.nasdaq.com/symbol/cbde",
"CDI","CDI Corporation","14.07","276414703.53","n/a","n/a","Technology","Professional Services","http://www.nasdaq.com/symbol/cdi",
"CLS","Celestica, Inc.","12.17","1835737075.41","n/a","1998","Technology","Electrical Products","http://www.nasdaq.com/symbol/cls",
"CRNT","Ceragon Networks Ltd.","1.4","108020462.2","n/a","n/a","Technology","Radio And Television Broadcasting And Communications Equipment","http://www.nasdaq.com/symbol/crnt",
"CERN","Cerner Corporation","73.05","25124206740.3","n/a","1986","Technology","EDP Services","http://www.nasdaq.com/symbol/cern",
"CEVA","CEVA, Inc.","21.9","450342402","n/a","n/a","Technology","Semiconductors","http://www.nasdaq.com/symbol/ceva",
"CYOU","Changyou.com Limited","28.78","352367009.04","12243468","2009","Technology","Computer Software: Prepackaged Software","http://www.nasdaq.com/symbol/cyou",
"ECOM          ","ChannelAdvisor Corporation","11.06","275846232.34","n/a","2013","Technology","Computer Software: Prepackaged Software","http://www.nasdaq.com/symbol/ecom          ",
"CHKP","Check Point Software Technologies Ltd.","87.12","16621598489.76","n/a","1996","Technology","Computer Software: Prepackaged Software","http://www.nasdaq.com/symbol/chkp",
"CMCM","Cheetah Mobile Inc.","23.98","3397013298.58","n/a","2014","Technology","Computer Software: Prepackaged Software","http://www.nasdaq.com/symbol/cmcm",
"CVR","Chicago Rivet & Machine Co.","30.6","29563639.2","n/a","n/a","Technology","Industrial Machinery/Components","http://www.nasdaq.com/symbol/cvr",
"STV","China Digital TV Holding Co., Ltd.","4.34","258387407.46","n/a","2007","Technology","Computer Software: Prepackaged Software","http://www.nasdaq.com/symbol/stv",
"CNIT","China Information Technology, Inc.","4.66","150256457.5","n/a","n/a","Technology","Computer Software: Prepackaged Software","http://www.nasdaq.com/symbol/cnit",
"CMGE","China Mobile Games and Entertainment Group Limited","21.8","331309271.4","15197673","n/a","Technology","Computer Software: Prepackaged Software","http://www.nasdaq.com/symbol/cmge",
"CSUN","China Sunergy Co., Ltd.","2.05","23553046.55","11489291","2007","Technology","Semiconductors","http://www.nasdaq.com/symbol/csun",
"CCIH","ChinaCache International Holdings Ltd.","14.99","248686393.47","16590153","2010","Technology","EDP Services","http://www.nasdaq.com/symbol/ccih",
"CNET","ChinaNet Online Holdings, Inc.","1.6","46768208","n/a","n/a","Technology","Advertising","http://www.nasdaq.com/symbol/cnet",
"IMOS","ChipMOS TECHNOLOGIES (Bermuda) LTD.","24.06","711815100","n/a","n/a","Technology","Semiconductors","http://www.nasdaq.com/symbol/imos",
"CBR","Ciber, Inc.","3.92","308314413.12","n/a","n/a","Technology","EDP Services","http://www.nasdaq.com/symbol/cbr",
"CRUS","Cirrus Logic, Inc.","34.36","2155535704.48","n/a","1989","Technology","Semiconductors","http://www.nasdaq.com/symbol/crus",
"CSCO","Cisco Systems, Inc.","28.675","146378381390.925","n/a","1990","Technology","Computer Communications Equipment","http://www.nasdaq.com/symbol/csco",
"CTXS","Citrix Systems, Inc.","67.34","10780569960.16","n/a","1995","Technology","Computer Software: Prepackaged Software","http://www.nasdaq.com/symbol/ctxs",
"CLNT","Cleantech Solutions International, Inc.","3.48","13711151.28","n/a","n/a","Technology","Industrial Machinery/Components","http://www.nasdaq.com/symbol/clnt",
"CKSW","ClickSoftware Technologies Ltd.","9.45","313138053.9","n/a","2000","Technology","Computer Software: Prepackaged Software","http://www.nasdaq.com/symbol/cksw",
"CCOI","Cogent Communications Holdings, Inc.","34.11","1582415224.74","n/a","n/a","Technology","Computer Software: Prepackaged Software","http://www.nasdaq.com/symbol/ccoi",
"CTSH","Cognizant Technology Solutions Corporation","61.2","37308534390","n/a","1998","Technology","EDP Services","http://www.nasdaq.com/symbol/ctsh",
"CLRX","CollabRx, Inc.","0.9493","9786447.616","n/a","n/a","Technology","EDP Services","http://www.nasdaq.com/symbol/clrx",
"COMM","CommScope Holding Company, Inc.","29.3","5540877965.9","n/a","2013","Technology","Radio And Television Broadcasting And Communications Equipment","http://www.nasdaq.com/symbol/comm",
"CVLT","CommVault Systems, Inc.","47.27","2122280764.57","n/a","2006","Technology","Computer Software: Prepackaged Software","http://www.nasdaq.com/symbol/cvlt",
"CPSI","Computer Programs and Systems, Inc.","53.79","608664671.67","n/a","2002","Technology","EDP Services","http://www.nasdaq.com/symbol/cpsi",
"CSC","Computer Sciences Corporation","65.65","9259707123.55","n/a","n/a","Technology","EDP Services","http://www.nasdaq.com/symbol/csc",
"CTG","Computer Task Group, Incorporated","7.72","142730625.56","n/a","n/a","Technology","EDP Services","http://www.nasdaq.com/symbol/ctg",
"CMTL","Comtech Telecommunications Corp.","31.06","504868279.78","n/a","n/a","Technology","Radio And Television Broadcasting And Communications Equipment","http://www.nasdaq.com/symbol/cmtl",
"CCUR","Concurrent Computer Corporation","5.99","56605266.39","n/a","n/a","Technology","Computer Manufacturing","http://www.nasdaq.com/symbol/ccur",
"CNXR","Connecture, Inc.","12.14","263410563.6","n/a","2014","Technology","Computer Software: Prepackaged Software","http://www.nasdaq.com/symbol/cnxr",
"CTCT","Constant Contact, Inc.","39.31","1263104045.56","n/a","2007","Technology","Advertising","http://www.nasdaq.com/symbol/ctct",
"CVG","Convergys Corporation","23.12","2297039926.56","n/a","1998","Technology","EDP Services","http://www.nasdaq.com/symbol/cvg",
"CLGX","CoreLogic, Inc.","39.22","3521582547.16","n/a","n/a","Technology","EDP Services","http://www.nasdaq.com/symbol/clgx",
"CSOD","Cornerstone OnDemand, Inc.","29.72","1601388583.56","n/a","2011","Technology","Computer Software: Prepackaged Software","http://www.nasdaq.com/symbol/csod",
"CPAH","CounterPath Corporation","0.4799","20361384.8409","n/a","n/a","Technology","Computer Software: Prepackaged Software","http://www.nasdaq.com/symbol/cpah",
"COVR","Cover-All Technologies Inc.","1.01","27231610.91","n/a","n/a","Technology","Computer Software: Prepackaged Software","http://www.nasdaq.com/symbol/covr",
"COVS","Covisint Corporation","2","78024300","n/a","2013","Technology","EDP Services","http://www.nasdaq.com/symbol/covs",
"CRAY","Cray Inc","29.96","1223166463.96","n/a","n/a","Technology","Computer Manufacturing","http://www.nasdaq.com/symbol/cray",
"CREE","Cree, Inc.","32.23","3597838090.77","n/a","1993","Technology","Semiconductors","http://www.nasdaq.com/symbol/cree",
"CRTO","Criteo S.A.","43.22","1989250159.78","46026149","2013","Technology","Advertising","http://www.nasdaq.com/symbol/crto",
"CCRN","Cross Country Healthcare, Inc.","11.53","369167736.01","n/a","2001","Technology","Professional Services","http://www.nasdaq.com/symbol/ccrn",
"CRDS","Crossroads Systems, Inc.","2.56","49089681.92","n/a","1999","Technology","Computer peripheral equipment","http://www.nasdaq.com/symbol/crds",
"CSGS","CSG Systems International, Inc.","29.87","978181654.81","n/a","1996","Technology","EDP Services","http://www.nasdaq.com/symbol/csgs",
"CSPI","CSP Inc.","6.98","25516423.04","n/a","1982","Technology","EDP Services","http://www.nasdaq.com/symbol/cspi",
"CSRE","CSR plc","52.63","25751385.33","489291","n/a","Technology","Semiconductors","http://www.nasdaq.com/symbol/csre",
"CTP","CTPartners Executive Search Inc.","4.02","35071911.12","n/a","2010","Technology","Diversified Commercial Services","http://www.nasdaq.com/symbol/ctp",
"CTS","CTS Corporation","17.74","593283893.64","n/a","n/a","Technology","Electrical Products","http://www.nasdaq.com/symbol/cts",
"CW","Curtiss-Wright Corporation","75.8","3615233928.2","n/a","n/a","Technology","Industrial Machinery/Components","http://www.nasdaq.com/symbol/cw",
"CVV","CVD Equipment Corporation","12.33","76069651.41","n/a","n/a","Technology","Industrial Machinery/Components","http://www.nasdaq.com/symbol/cvv",
"CVT","CVENT, INC.","27.88","1158131380.44","n/a","1987","Technology","Computer Software: Prepackaged Software","http://www.nasdaq.com/symbol/cvt",
"CYNI","Cyan, Inc.","4.15","200428873.1","n/a","2013","Technology","EDP Services","http://www.nasdaq.com/symbol/cyni",
"CYBR","CyberArk Software Ltd.","66.62","2033367445.74","n/a","2014","Technology","Computer Software: Prepackaged Software","http://www.nasdaq.com/symbol/cybr",
"CY","Cypress Semiconductor Corporation","13.26","4385814813.9","n/a","1986","Technology","Semiconductors","http://www.nasdaq.com/symbol/cy",
"CYRN","CYREN Ltd.","3.23","85882544.29","n/a","n/a","Technology","Computer Software: Prepackaged Software","http://www.nasdaq.com/symbol/cyrn",
"DAEG","Daegis Inc","0.78","12779866.32","n/a","n/a","Technology","Computer Software: Prepackaged Software","http://www.nasdaq.com/symbol/daeg",
"DQ","DAQO New Energy Corp.","28.86","258098270.04","n/a","2010","Technology","Semiconductors","http://www.nasdaq.com/symbol/dq",
"DTLK","Datalink Corporation","11.92","277961335.68","n/a","1999","Technology","EDP Services","http://www.nasdaq.com/symbol/dtlk",
"DRAM","Dataram Corporation","2.2802","6215852.5624","n/a","n/a","Technology","Electronic Components","http://www.nasdaq.com/symbol/dram",
"DWCH","Datawatch Corporation","8.1","91940597.1","n/a","1992","Technology","Computer Software: Prepackaged Software","http://www.nasdaq.com/symbol/dwch",
"TRAK","Dealertrack Technologies, Inc.","39.54","2149494317.58","n/a","2005","Technology","EDP Services","http://www.nasdaq.com/symbol/trak",
"DMD","Demand Media Inc.","6.68","132280499.6","n/a","2011","Technology","EDP Services","http://www.nasdaq.com/symbol/dmd",
"DWRE","DEMANDWARE, INC.","64.73","2366831024.37","n/a","2012","Technology","EDP Services","http://www.nasdaq.com/symbol/dwre",
"DGII","Digi International Inc.","9.64","234808681.08","n/a","1989","Technology","Computer Communications Equipment","http://www.nasdaq.com/symbol/dgii",
"DMRC","Digimarc Corporation","24.16","205548448","n/a","n/a","Technology","EDP Services","http://www.nasdaq.com/symbol/dmrc",
"DGLY","Digital Ally, Inc.","13.49","50866635.08","n/a","n/a","Technology","Radio And Television Broadcasting And Communications Equipment","http://www.nasdaq.com/symbol/dgly",
"DIOD","Diodes Incorporated","28","1342982956","n/a","n/a","Technology","Semiconductors","http://www.nasdaq.com/symbol/diod",
"DLHC","DLH Holdings Corp.","2","19262086","n/a","n/a","Technology","Professional Services","http://www.nasdaq.com/symbol/dlhc",
"DSS","Document Security Systems, Inc.","0.27","12493549.08","n/a","n/a","Technology","EDP Services","http://www.nasdaq.com/symbol/dss",
"DLB","Dolby Laboratories","41.26","4232973687.98","n/a","2005","Technology","Radio And Television Broadcasting And Communications Equipment","http://www.nasdaq.com/symbol/dlb",
"HILL","Dot Hill Systems Corporation","6.5","395296928","n/a","n/a","Technology","Electronic Components","http://www.nasdaq.com/symbol/hill",
"DOV","Dover Corporation","74.38","11929251316.94","n/a","n/a","Technology","Industrial Machinery/Components","http://www.nasdaq.com/symbol/dov",
"DSPG","DSP Group, Inc.","11.88","264836919.6","n/a","1994","Technology","Semiconductors","http://www.nasdaq.com/symbol/dspg",
"DST","DST Systems, Inc.","117.01","4347440673.37","n/a","1995","Technology","EDP Services","http://www.nasdaq.com/symbol/dst",
"ELNK","EarthLink Holdings Corp.","4.81","495307090.07","n/a","n/a","Technology","Computer Software: Programming, Data Processing","http://www.nasdaq.com/symbol/elnk",
"ETN","Eaton Corporation, PLC","69.1","32305327545.4","n/a","n/a","Technology","Industrial Machinery/Components","http://www.nasdaq.com/symbol/etn",
"EBIX","Ebix, Inc.","29.98","1057173677.38","n/a","n/a","Technology","EDP Services","http://www.nasdaq.com/symbol/ebix",
"ELON","Echelon Corporation","0.92","40582862.44","n/a","1998","Technology","Computer Communications Equipment","http://www.nasdaq.com/symbol/elon",
"SATS","EchoStar Corporation","51.36","2271294409.92","n/a","n/a","Technology","Radio And Television Broadcasting And Communications Equipment","http://www.nasdaq.com/symbol/sats",
"EDGW","Edgewater Technology, Inc.","7","80270442","n/a","n/a","Technology","Computer Software: Programming, Data Processing","http://www.nasdaq.com/symbol/edgw",
"EFUT","eFuture Information Technology Inc.","4.72","18831034.72","n/a","n/a","Technology","EDP Services","http://www.nasdaq.com/symbol/efut",
"EGAN","eGain Corporation","3.31","88329597.49","n/a","1999","Technology","Computer Software: Prepackaged Software","http://www.nasdaq.com/symbol/egan",
"ELRC","Electro Rent Corporation","11.17","269257273.32","n/a","n/a","Technology","Diversified Commercial Services","http://www.nasdaq.com/symbol/elrc",
"EA","Electronic Arts Inc.","59.88","18564949332.72","n/a","n/a","Technology","Computer Software: Prepackaged Software","http://www.nasdaq.com/symbol/ea",
"EFII","Electronics for Imaging, Inc.","43.11","2023854130.8","n/a","1992","Technology","Computer Communications Equipment","http://www.nasdaq.com/symbol/efii",
"ELLI","Ellie Mae, Inc.","57.06","1663669490.58","n/a","2011","Technology","Computer Software: Prepackaged Software","http://www.nasdaq.com/symbol/elli",
"ELTK","Eltek Ltd.","0.89","9027058.18","n/a","1997","Technology","Electrical Products","http://www.nasdaq.com/symbol/eltk",
"EMAN","eMagin Corporation","2.2732","57273517.2324","n/a","n/a","Technology","Semiconductors","http://www.nasdaq.com/symbol/eman",
"EMC","EMC Corporation","26.59","52563782360.49","n/a","n/a","Technology","Electronic Components","http://www.nasdaq.com/symbol/emc",
"EMKR","EMCORE Corporation","5.59","179475955.49","n/a","1997","Technology","Semiconductors","http://www.nasdaq.com/symbol/emkr",
"ELX","Emulex Corporation","7.98","573860712.6","n/a","n/a","Technology","Computer Communications Equipment","http://www.nasdaq.com/symbol/elx",
"EIGI","Endurance International Group Holdings, Inc.","23.03","3048509795.38","n/a","2013","Technology","Computer Software: Prepackaged Software","http://www.nasdaq.com/symbol/eigi",
"WATT","Energous Corporation","9.05","116638599.15","n/a","2014","Technology","Radio And Television Broadcasting And Communications Equipment","http://www.nasdaq.com/symbol/watt",
"ERII","Energy Recovery, Inc.","3.37","175127704.86","n/a","2008","Technology","Industrial Machinery/Components","http://www.nasdaq.com/symbol/erii",
"ENOC","EnerNOC, Inc.","11.27","342597068.1","n/a","2007","Technology","Computer Software: Programming, Data Processing","http://www.nasdaq.com/symbol/enoc",
"ENPH","Enphase Energy, Inc.","13.9","610442519.2","n/a","2012","Technology","Semiconductors","http://www.nasdaq.com/symbol/enph",
"ENTR","Entropic Communications, Inc.","3.14","285636989.16","n/a","2007","Technology","Semiconductors","http://www.nasdaq.com/symbol/entr",
"ENVI","Envivio, Inc.","1.81","50159791.52","n/a","2012","Technology","Radio And Television Broadcasting And Communications Equipment","http://www.nasdaq.com/symbol/envi",
"EPAM","EPAM Systems, Inc.","67.56","3300848641.92","n/a","2012","Technology","EDP Services","http://www.nasdaq.com/symbol/epam",
"EPIQ","EPIQ Systems, Inc.","16.71","618958853.04","n/a","1997","Technology","EDP Services","http://www.nasdaq.com/symbol/epiq",
"PLUS","ePlus inc.","86.1","636307326.9","n/a","1996","Technology","Retail: Computer Software & Peripheral Equipment","http://www.nasdaq.com/symbol/plus",
"ERIC","Ericsson","11.58","2699834316.12","233146314","n/a","Technology","Radio And Television Broadcasting And Communications Equipment","http://www.nasdaq.com/symbol/eric",
"EVTC","Evertec, Inc.","21.24","1654450378.56","n/a","2013","Technology","EDP Services","http://www.nasdaq.com/symbol/evtc",
"EVOL","Evolving Systems, Inc.","9.16","106864269.8","n/a","1998","Technology","EDP Services","http://www.nasdaq.com/symbol/evol",
"EXA","Exa Corporation","11.52","166330310.4","n/a","2012","Technology","Computer Software: Prepackaged Software","http://www.nasdaq.com/symbol/exa",
"EXAR","Exar Corporation","10.52","499103810.56","n/a","1985","Technology","Semiconductors","http://www.nasdaq.com/symbol/exar",
"EXH","Exterran Holdings, Inc.","34.61","2385458082.55","n/a","n/a","Technology","Diversified Commercial Services","http://www.nasdaq.com/symbol/exh",
"EXTR","Extreme Networks, Inc.","2.57","255267763.46","n/a","1999","Technology","Computer Communications Equipment","http://www.nasdaq.com/symbol/extr",
"EZCH","EZchip Semiconductor Limited","20.26","606857140.12","n/a","n/a","Technology","Computer Communications Equipment","http://www.nasdaq.com/symbol/ezch",
"FFIV","F5 Networks, Inc.","122.4","8829754970.4","n/a","1999","Technology","Computer Communications Equipment","http://www.nasdaq.com/symbol/ffiv",
"FB","Facebook, Inc.","82.41","230666563591.74","n/a","2012","Technology","Computer Software: Programming, Data Processing","http://www.nasdaq.com/symbol/fb",
"FDS","FactSet Research Systems Inc.","159.68","6669196955.84","n/a","1996","Technology","Computer Software: Programming, Data Processing","http://www.nasdaq.com/symbol/fds",
"FCS","Fairchild Semiconductor International, Inc.","19.2","2238285964.8","n/a","1999","Technology","Semiconductors","http://www.nasdaq.com/symbol/fcs",
"FALC","FalconStor Software, Inc.","1.6","65484588.8","n/a","n/a","Technology","Computer Software: Prepackaged Software","http://www.nasdaq.com/symbol/falc",
"FNSR","Finisar Corporation","21.14","2196727183.14","n/a","1999","Technology","Semiconductors","http://www.nasdaq.com/symbol/fnsr",
"FEYE","FireEye, Inc.","43.93","6838447444.16","n/a","2013","Technology","Computer peripheral equipment","http://www.nasdaq.com/symbol/feye",
"FSLR","First Solar, Inc.","64.75","6526244056.5","n/a","2006","Technology","Semiconductors","http://www.nasdaq.com/symbol/fslr",
"FISV","Fiserv, Inc.","79.745","18970162770.03","n/a","1986","Technology","EDP Services","http://www.nasdaq.com/symbol/fisv",
"FIVN","Five9, Inc.","5.84","289728164.08","n/a","2014","Technology","EDP Services","http://www.nasdaq.com/symbol/fivn",
"FLTX","Fleetmatics Group PLC","48.35","1832338468.05","n/a","2012","Technology","Computer Software: Prepackaged Software","http://www.nasdaq.com/symbol/fltx",
"FLEX","Flextronics International Ltd.","12.53","7171870540.73","n/a","1994","Technology","Electrical Products","http://www.nasdaq.com/symbol/flex",
"FORM","FormFactor, Inc.","9.29","534938340.72","n/a","2003","Technology","Semiconductors","http://www.nasdaq.com/symbol/form",
"FORTY","Formula Systems (1985) Ltd.","26.55","8067987.45","303879","n/a","Technology","EDP Services","http://www.nasdaq.com/symbol/forty",
"FTNT","Fortinet, Inc.","38.72","6538470611.2","n/a","2009","Technology","Computer peripheral equipment","http://www.nasdaq.com/symbol/ftnt",
"FSL","Freescale Semiconductor, Ltd.","39.98","12247406473.38","n/a","2011","Technology","Semiconductors","http://www.nasdaq.com/symbol/fsl",
"JOB","General Employment Enterprises, Inc.","0.8203","23783789.6842","n/a","n/a","Technology","Diversified Commercial Services","http://www.nasdaq.com/symbol/job",
"GIGM","GigaMedia Limited","0.8969","45600710.002","n/a","n/a","Technology","Computer Software: Programming, Data Processing","http://www.nasdaq.com/symbol/gigm",
"GIMO","Gigamon Inc.","23.59","782094933.76","n/a","2013","Technology","EDP Services","http://www.nasdaq.com/symbol/gimo",
"GIG","GigOptix, Inc.","1.56","50882300.04","n/a","n/a","Technology","Semiconductors","http://www.nasdaq.com/symbol/gig",
"GILT","Gilat Satellite Networks Ltd.","6.19","266442663.31","n/a","n/a","Technology","Radio And Television Broadcasting And Communications Equipment","http://www.nasdaq.com/symbol/gilt",
"GSB","GlobalSCAPE, Inc.","3.4","70573412.4","n/a","n/a","Technology","Computer Software: Prepackaged Software","http://www.nasdaq.com/symbol/gsb",
"GLOB","Globant S.A.","22.84","774487201.48","n/a","2014","Technology","EDP Services","http://www.nasdaq.com/symbol/glob",
"GLUU","Glu Mobile Inc.","5.36","577981433.52","n/a","2007","Technology","EDP Services","http://www.nasdaq.com/symbol/gluu",
"GDDY","GoDaddy Inc.","25.05","3813892560","n/a","2015","Technology","EDP Services","http://www.nasdaq.com/symbol/gddy",
"GOOG","Google Inc.","547","372300661754","n/a","2004","Technology","Computer Software: Programming, Data Processing","http://www.nasdaq.com/symbol/goog",
"GOOGL","Google Inc.","557.46","379419976053.72","n/a","n/a","Technology","Computer Software: Programming, Data Processing","http://www.nasdaq.com/symbol/googl",
"GHM","Graham Corporation","24.11","244170215.62","n/a","n/a","Technology","Industrial Machinery/Components","http://www.nasdaq.com/symbol/ghm",
"GRPN","Groupon, Inc.","7.15","4828846014.85","n/a","2011","Technology","Advertising","http://www.nasdaq.com/symbol/grpn",
"GVP","GSE Systems, Inc.","1.49","26652909.91","n/a","n/a","Technology","Computer Software: Prepackaged Software","http://www.nasdaq.com/symbol/gvp",
"GSIT","GSI Technology, Inc.","5.25","122779545","n/a","2007","Technology","Semiconductors","http://www.nasdaq.com/symbol/gsit",
"GUID","Guidance Software, Inc.","6.74","201944668.58","n/a","2006","Technology","Computer Software: Prepackaged Software","http://www.nasdaq.com/symbol/guid",
"GWRE","Guidewire Software, Inc.","52.3","3669463029.1","n/a","2012","Technology","Computer Software: Prepackaged Software","http://www.nasdaq.com/symbol/gwre",
"HQCL","Hanwha Q CELLS Co., Ltd. ","2.25","123784312.5","55015250","n/a","Technology","Semiconductors","http://www.nasdaq.com/symbol/hqcl",
"HLIT","Harmonic Inc.","7.48","662995941.08","n/a","1995","Technology","Radio And Television Broadcasting And Communications Equipment","http://www.nasdaq.com/symbol/hlit",
"HHS","Harte-Hanks, Inc.","7.68","480944486.4","n/a","1993","Technology","Advertising","http://www.nasdaq.com/symbol/hhs",
"HSTM","HealthStream, Inc.","30.14","837339985.9","n/a","2000","Technology","Computer Software: Programming, Data Processing","http://www.nasdaq.com/symbol/hstm",
"HSII","Heidrick & Struggles International, Inc.","23.56","431610247.2","n/a","1999","Technology","Diversified Commercial Services","http://www.nasdaq.com/symbol/hsii",
"HPQ","Hewlett-Packard Company","33.38","60670110407.4","n/a","n/a","Technology","Computer Manufacturing","http://www.nasdaq.com/symbol/hpq",
"HIMX","Himax Technologies, Inc.","6.26","643496556.02","102794977","2006","Technology","Semiconductors","http://www.nasdaq.com/symbol/himx",
"AWAY","HomeAway, Inc.","32.17","3041152410.34","n/a","2011","Technology","EDP Services","http://www.nasdaq.com/symbol/away",
"HDP","Hortonworks, Inc.","21.97","947322848.16","n/a","2014","Technology","Computer Software: Prepackaged Software","http://www.nasdaq.com/symbol/hdp",
"HUBS","HubSpot, Inc.","39.65","1287732082","n/a","2014","Technology","Computer Software: Prepackaged Software","http://www.nasdaq.com/symbol/hubs",
"HSON","Hudson Global, Inc.","2.71","90898275.29","n/a","n/a","Technology","Professional Services","http://www.nasdaq.com/symbol/hson",
"INVE","Identiv, Inc.","10.53","113240020.14","n/a","n/a","Technology","Computer peripheral equipment","http://www.nasdaq.com/symbol/inve",
"DSKY","iDreamSky Technology Limited","9.77","86513350","8855000","2014","Technology","Computer Software: Prepackaged Software","http://www.nasdaq.com/symbol/dsky",
"IEC","IEC Electronics Corp.","4.64","47057798.88","n/a","n/a","Technology","Electrical Products","http://www.nasdaq.com/symbol/iec",
"IGTE","iGATE Corporation","45.9","3712049723.7","n/a","n/a","Technology","EDP Services","http://www.nasdaq.com/symbol/igte",
"IHS","IHS Inc.","124.02","8532268182.36","n/a","2005","Technology","Computer Software: Programming, Data Processing","http://www.nasdaq.com/symbol/ihs",
"ITW","Illinois Tool Works Inc.","94.71","35357391780.48","n/a","n/a","Technology","Industrial Machinery/Components","http://www.nasdaq.com/symbol/itw",
"IMN","Imation Corporation","4.27","183001076.65","n/a","n/a","Technology","Electronic Components","http://www.nasdaq.com/symbol/imn",
"IMMR","Immersion Corporation","10.18","282448518.12","n/a","1999","Technology","Computer peripheral equipment","http://www.nasdaq.com/symbol/immr",
"IMPV","Imperva, Inc.","48.9","1326698369.4","n/a","2011","Technology","Computer Software: Prepackaged Software","http://www.nasdaq.com/symbol/impv",
"IMPR","Imprivata, Inc.","15.01","360258132.08","n/a","2014","Technology","Computer Software: Prepackaged Software","http://www.nasdaq.com/symbol/impr",
"IMS","IMS Health Holdings, Inc.","27.98","9395914303.38","n/a","2014","Technology","EDP Services","http://www.nasdaq.com/symbol/ims",
"SAAS","inContact, Inc.","10.41","638945375.58","n/a","n/a","Technology","Computer Software: Prepackaged Software","http://www.nasdaq.com/symbol/saas",
"BLOX","Infoblox Inc.","24.29","1376280411.59","n/a","2012","Technology","EDP Services","http://www.nasdaq.com/symbol/blox",
"INFA","Informatica Corporation","48","5252736000","n/a","1999","Technology","Computer Software: Prepackaged Software","http://www.nasdaq.com/symbol/infa",
"INFY","Infosys Limited","34.96","39952467414.72","n/a","n/a","Technology","EDP Services","http://www.nasdaq.com/symbol/infy",
"IM","Ingram Micro Inc.","25.57","3995787692.88","n/a","1996","Technology","Retail: Computer Software & Peripheral Equipment","http://www.nasdaq.com/symbol/im",
"INOD","Innodata Inc.","2.646","67042408.482","n/a","1993","Technology","EDP Services","http://www.nasdaq.com/symbol/inod",
"ISSC","Innovative Solutions and Support, Inc.","3.875","65447347.25","n/a","2000","Technology","EDP Services","http://www.nasdaq.com/symbol/issc",
"INOV","Inovalon Holdings, Inc.","26.99","3984316376.52","n/a","2015","Technology","EDP Services","http://www.nasdaq.com/symbol/inov",
"IPHI","Inphi Corporation","19.2","727006502.4","n/a","2010","Technology","Semiconductors","http://www.nasdaq.com/symbol/iphi",
"NSP","Insperity, Inc.","51.71","1318575473.59","n/a","n/a","Technology","Professional Services","http://www.nasdaq.com/symbol/nsp",
"IDTI","Integrated Device Technology, Inc.","19.69","2919795800.02","n/a","1984","Technology","Semiconductors","http://www.nasdaq.com/symbol/idti",
"ISSI","Integrated Silicon Solution, Inc.","18.32","581480262.48","n/a","1995","Technology","Semiconductors","http://www.nasdaq.com/symbol/issi",
"INTC","Intel Corporation","32.35","153409560073.1","n/a","n/a","Technology","Semiconductors","http://www.nasdaq.com/symbol/intc",
"IDN","Intellicheck Mobilisa, Inc.","1.63","16016922.79","n/a","1999","Technology","Computer Software: Prepackaged Software","http://www.nasdaq.com/symbol/idn",
"ININ","Interactive Intelligence Group, Inc.","44.07","949413275.07","n/a","1999","Technology","Computer Software: Prepackaged Software","http://www.nasdaq.com/symbol/inin",
"IMI","Intermolecular, Inc.","1.71","82801508.85","n/a","2011","Technology","Semiconductors","http://www.nasdaq.com/symbol/imi",
"INAP","Internap Corporation","10.49","576511129.87","n/a","1999","Technology","Computer Software: Programming, Data Processing","http://www.nasdaq.com/symbol/inap",
"IBM","International Business Machines Corporation","170.24","168269331041.28","n/a","n/a","Technology","Computer Manufacturing","http://www.nasdaq.com/symbol/ibm",
"IIJI","Internet Initiative Japan, Inc.","8.54","19442078.6","2276590","n/a","Technology","Computer Software: Programming, Data Processing","http://www.nasdaq.com/symbol/iiji",
"INPH","Interphase Corporation","1.38","11583693.78","n/a","1984","Technology","Computer Communications Equipment","http://www.nasdaq.com/symbol/inph",
"IPG","Interpublic Group of Companies, Inc. (The)","21.16","8751180176.72","n/a","n/a","Technology","Advertising","http://www.nasdaq.com/symbol/ipg",
"INTX","Intersections, Inc.","3.49","69523721.13","n/a","2004","Technology","EDP Services","http://www.nasdaq.com/symbol/intx",
"ISIL","Intersil Corporation","14.7","1919310218.7","n/a","2000","Technology","Semiconductors","http://www.nasdaq.com/symbol/isil",
"INXN","InterXion Holding N.V.","31.49","2177879890","n/a","2011","Technology","Computer Software: Programming, Data Processing","http://www.nasdaq.com/symbol/inxn",
"IVAC","Intevac, Inc.","5.21","121393885.7","n/a","1995","Technology","Industrial Machinery/Components","http://www.nasdaq.com/symbol/ivac",
"IL","IntraLinks Holdings, Inc.","10.05","574054301.55","n/a","2010","Technology","Computer Software: Prepackaged Software","http://www.nasdaq.com/symbol/il",
"INTU","Intuit Inc.","101.445","28072476881.265","n/a","1993","Technology","Computer Software: Prepackaged Software","http://www.nasdaq.com/symbol/intu",
"INVN","InvenSense, Inc.","15.98","1443137820","n/a","2011","Technology","Semiconductors","http://www.nasdaq.com/symbol/invn",
"IPAS","iPass Inc.","1.2116","79915553.6504","n/a","2003","Technology","EDP Services","http://www.nasdaq.com/symbol/ipas",
"IPGP","IPG Photonics Corporation","96.54","5079509734.38","n/a","2006","Technology","Semiconductors","http://www.nasdaq.com/symbol/ipgp",
"IXYS","IXYS Corporation","11.87","375675505.46","n/a","n/a","Technology","Semiconductors","http://www.nasdaq.com/symbol/ixys",
"JCOM","j2 Global, Inc.","71.02","3426102949.64","n/a","1999","Technology","Telecommunications Equipment","http://www.nasdaq.com/symbol/jcom",
"JASO","JA Solar Holdings, Co., Ltd.","10.41","450309169.65","43257365","2007","Technology","Semiconductors","http://www.nasdaq.com/symbol/jaso",
"JBL","Jabil Circuit, Inc.","23.93","4636725282.18","n/a","1993","Technology","Electrical Products","http://www.nasdaq.com/symbol/jbl",
"JKHY","Jack Henry & Associates, Inc.","68.14","5572191768.9","n/a","1985","Technology","EDP Services","http://www.nasdaq.com/symbol/jkhy",
"JDSU","JDS Uniphase Corporation","13.335","3102851101.245","n/a","n/a","Technology","Semiconductors","http://www.nasdaq.com/symbol/jdsu",
"DATE","Jiayuan.com International Ltd.","5.79","71119473.24","12283156","2011","Technology","EDP Services","http://www.nasdaq.com/symbol/date",
"JKS","JinkoSolar Holding Company Limited","29.41","913857135.87","n/a","2010","Technology","Semiconductors","http://www.nasdaq.com/symbol/jks",
"JIVE","Jive Software, Inc.","5.45","407573519.4","n/a","2011","Technology","EDP Services","http://www.nasdaq.com/symbol/jive",
"JBT","John Bean Technologies Corporation","34.77","1016537145.57","n/a","n/a","Technology","Industrial Machinery/Components","http://www.nasdaq.com/symbol/jbt",
"JNPR","Juniper Networks, Inc.","24","9738950616","n/a","1999","Technology","Computer Communications Equipment","http://www.nasdaq.com/symbol/jnpr",
"KAI","Kadant Inc","54.9","601045858.8","n/a","n/a","Technology","Industrial Machinery/Components","http://www.nasdaq.com/symbol/kai",
"KELYA","Kelly Services, Inc.","17.01","641711775.6","n/a","n/a","Technology","Professional Services","http://www.nasdaq.com/symbol/kelya",
"KELYB","Kelly Services, Inc.","17.964","677701959.84","n/a","n/a","Technology","Professional Services","http://www.nasdaq.com/symbol/kelyb",
"KTEC","Key Technology, Inc.","12.99","81041102.7","n/a","1993","Technology","Industrial Machinery/Components","http://www.nasdaq.com/symbol/ktec",
"KTCC","Key Tronic Corporation","11.11","117229164.8","n/a","1983","Technology","Computer peripheral equipment","http://www.nasdaq.com/symbol/ktcc",
"KFRC","Kforce, Inc.","22.03","652825982.97","n/a","1995","Technology","Professional Services","http://www.nasdaq.com/symbol/kfrc",
"KE","Kimball Electronics, Inc.","13.97","407529333.53","n/a","n/a","Technology","Electrical Products","http://www.nasdaq.com/symbol/ke",
"KING","King Digital Entertainment plc","17.01","5476521127.14","n/a","2014","Technology","Computer Software: Prepackaged Software","http://www.nasdaq.com/symbol/king",
"KONE","Kingtone Wirelessinfo Solution Holding Ltd","4.6305","3307913.4375","714375","2010","Technology","EDP Services","http://www.nasdaq.com/symbol/kone",
"KFX","Kofax Limited","11.03","1017038742.85","n/a","2013","Technology","Computer Software: Programming, Data Processing","http://www.nasdaq.com/symbol/kfx",
"KZ","KongZhong Corporation","6.3","201311913.6","31954272","n/a","Technology","Telecommunications Equipment","http://www.nasdaq.com/symbol/kz",
"KOPN","Kopin Corporation","3.67","244213254.07","n/a","1992","Technology","Semiconductors","http://www.nasdaq.com/symbol/kopn",
"KFY","Korn/Ferry International","32.64","1645490764.8","n/a","1999","Technology","Diversified Commercial Services","http://www.nasdaq.com/symbol/kfy",
"KLIC","Kulicke and Soffa Industries, Inc.","15.68","1203773450.88","n/a","n/a","Technology","Semiconductors","http://www.nasdaq.com/symbol/klic",
"KVHI","KVH Industries, Inc.","14.34","229296815.1","n/a","1996","Technology","Radio And Television Broadcasting And Communications Equipment","http://www.nasdaq.com/symbol/kvhi",
"KYO","Kyocera Corporation","59.57","21854017710.84","n/a","n/a","Technology","Semiconductors","http://www.nasdaq.com/symbol/kyo",
"LLL","L-3 Communications Holdings, Inc.","123.74","10245224184.94","n/a","n/a","Technology","Radio And Television Broadcasting And Communications Equipment","http://www.nasdaq.com/symbol/lll",
"LRCX","Lam Research Corporation","77.08","12280085604.64","n/a","1984","Technology","Industrial Machinery/Components","http://www.nasdaq.com/symbol/lrcx",
"LTRX","Lantronix, Inc.","1.7301","25851508.8705","n/a","2000","Technology","Computer Communications Equipment","http://www.nasdaq.com/symbol/ltrx",
"LSCC","Lattice Semiconductor Corporation","6.34","739785911.5","n/a","n/a","Technology","Semiconductors","http://www.nasdaq.com/symbol/lscc",
"LDOS","Leidos Holdings, Inc.","42.06","3122292933.54","n/a","n/a","Technology","EDP Services","http://www.nasdaq.com/symbol/ldos",
"LXK","Lexmark International, Inc.","44.48","2724838039.04","n/a","1995","Technology","Computer Manufacturing","http://www.nasdaq.com/symbol/lxk",
"LTRPA","Liberty TripAdvisor Holdings, Inc.","31.23","2330998393.14","n/a","n/a","Technology","EDP Services","http://www.nasdaq.com/symbol/ltrpa",
"LTRPB","Liberty TripAdvisor Holdings, Inc.","36.69","2738531253.42","n/a","n/a","Technology","EDP Services","http://www.nasdaq.com/symbol/ltrpb",
"LOCK","LifeLock, Inc.","14.81","1392535545.48","n/a","2012","Technology","EDP Services","http://www.nasdaq.com/symbol/lock",
"LPTH","LightPath Technologies, Inc.","0.97","14778020.81","n/a","1996","Technology","Semiconductors","http://www.nasdaq.com/symbol/lpth",
"LECO","Lincoln Electric Holdings, Inc.","67.65","5146028004.15","n/a","n/a","Technology","Industrial Machinery/Components","http://www.nasdaq.com/symbol/leco",
"LLTC","Linear Technology Corporation","47.435","11346182948.68","n/a","1986","Technology","Semiconductors","http://www.nasdaq.com/symbol/lltc",
"LNKD","LinkedIn Corporation","256.24","28234251538.8","n/a","2011","Technology","Computer Software: Programming, Data Processing","http://www.nasdaq.com/symbol/lnkd",
"LIQT","LiqTech International, Inc.","0.9","35464303.8","n/a","n/a","Technology","Industrial Machinery/Components","http://www.nasdaq.com/symbol/liqt",
"LIQD","Liquid Holdings Group, Inc.","0.24","14479770","n/a","2013","Technology","Computer Software: Prepackaged Software","http://www.nasdaq.com/symbol/liqd",
"LIVE","LiveDeal, Inc.","3.19","51019191.63","n/a","n/a","Technology","EDP Services","http://www.nasdaq.com/symbol/live",
"LPSN","LivePerson, Inc.","9.41","535714348.84","n/a","2000","Technology","Computer Software: Prepackaged Software","http://www.nasdaq.com/symbol/lpsn",
"LOGI","Logitech International S.A.","15.48","2542327846.2","n/a","1997","Technology","Computer peripheral equipment","http://www.nasdaq.com/symbol/logi",
"LOGM","LogMein, Inc.","58.55","1432364799.45","n/a","2009","Technology","Computer Software: Prepackaged Software","http://www.nasdaq.com/symbol/logm",
"LOOK","LookSmart, Ltd.","1.6","9231252.8","n/a","1999","Technology","EDP Services","http://www.nasdaq.com/symbol/look",
"LORL","Loral Space and Communications, Inc.","69.64","2153260791.4","n/a","n/a","Technology","Radio And Television Broadcasting And Communications Equipment","http://www.nasdaq.com/symbol/lorl",
"LXFT","Luxoft Holding, Inc.","55.97","1838689779.65","n/a","2013","Technology","EDP Services","http://www.nasdaq.com/symbol/lxft",
"MTSI","M/A-COM Technology Solutions Holdings, Inc.","33.33","1781770338.48","n/a","2012","Technology","Semiconductors","http://www.nasdaq.com/symbol/mtsi",
"MGIC","Magic Software Enterprises Ltd.","6.4699","285802766.5683","n/a","1991","Technology","Computer Software: Prepackaged Software","http://www.nasdaq.com/symbol/mgic",
"MX","MagnaChip Semiconductor Corporation","5.6","190716220.8","n/a","2011","Technology","Semiconductors","http://www.nasdaq.com/symbol/mx",
"MNGA","MagneGas Corporation","0.6399","23830839.0495","n/a","n/a","Technology","Industrial Machinery/Components","http://www.nasdaq.com/symbol/mnga",
"COOL","Majesco Entertainment Company","1.4","9929850","n/a","n/a","Technology","Computer Software: Prepackaged Software","http://www.nasdaq.com/symbol/cool",
"MAMS","MAM Software Group, Inc.","5.46","78069984.72","n/a","n/a","Technology","Computer Software: Prepackaged Software","http://www.nasdaq.com/symbol/mams",
"MANH","Manhattan Associates, Inc.","54.82","4045695058.76","n/a","1998","Technology","Computer Software: Prepackaged Software","http://www.nasdaq.com/symbol/manh",
"MNTX","Manitex International, Inc.","9.69","155174158.05","n/a","n/a","Technology","Industrial Machinery/Components","http://www.nasdaq.com/symbol/mntx",
"MAN","ManpowerGroup","83.64","6549316784.16","n/a","n/a","Technology","Professional Services","http://www.nasdaq.com/symbol/man",
"MRIN","Marin Software Incorporated","6.36","233618528.28","n/a","2013","Technology","EDP Services","http://www.nasdaq.com/symbol/mrin",
"MKTO","Marketo, Inc.","28.89","1216834781.76","n/a","2013","Technology","Computer Software: Prepackaged Software","http://www.nasdaq.com/symbol/mkto",
"MRVL","Marvell Technology Group Ltd.","14.535","7485525000","n/a","2000","Technology","Semiconductors","http://www.nasdaq.com/symbol/mrvl",
"MTLS","Materialise NV","7.13","77169159.32","10823164","2014","Technology","Computer Software: Prepackaged Software","http://www.nasdaq.com/symbol/mtls",
"MTSN","Mattson Technology, Inc.","3.75","280749157.5","n/a","1994","Technology","Industrial Machinery/Components","http://www.nasdaq.com/symbol/mtsn",
"MVNR","Mavenir Systems, Inc.","17.49","508769128.56","n/a","2013","Technology","Computer Communications Equipment","http://www.nasdaq.com/symbol/mvnr",
"MXIM","Maxim Integrated Products, Inc.","34.74","9827305498.62","n/a","1988","Technology","Semiconductors","http://www.nasdaq.com/symbol/mxim",
"MXL","MaxLinear, Inc","8.88","337133133.84","n/a","2010","Technology","Semiconductors","http://www.nasdaq.com/symbol/mxl",
"MGRC","McGrath RentCorp","33.49","872456395.99","n/a","1984","Technology","Diversified Commercial Services","http://www.nasdaq.com/symbol/mgrc",
"MDCA","MDC Partners Inc.","28.04","1397689831.4","n/a","n/a","Technology","Advertising","http://www.nasdaq.com/symbol/mdca",
"MDAS","MedAssets, Inc.","20.3","1222501281.4","n/a","2007","Technology","Computer Software: Prepackaged Software","http://www.nasdaq.com/symbol/mdas",
"MTBC","Medical Transcription Billing, Corp.","1.9","20898352.7","n/a","2014","Technology","Computer Software: Prepackaged Software","http://www.nasdaq.com/symbol/mtbc",
"MDSO","Medidata Solutions, Inc.","57.54","3175172280","n/a","2009","Technology","Computer Software: Prepackaged Software","http://www.nasdaq.com/symbol/mdso",
"MLNX","Mellanox Technologies, Ltd.","49.85","2278447190.7","n/a","2007","Technology","Semiconductors","http://www.nasdaq.com/symbol/mlnx",
"MENT","Mentor Graphics Corporation","25.075","2910785211.925","n/a","1984","Technology","EDP Services","http://www.nasdaq.com/symbol/ment",
"MRGE","Merge Healthcare Incorporated.","5.98","588771454.7","n/a","1998","Technology","EDP Services","http://www.nasdaq.com/symbol/mrge",
"MERU","Meru Networks, Inc.","1.28","31080126.72","n/a","2010","Technology","Computer Communications Equipment","http://www.nasdaq.com/symbol/meru",
"MCRL","Micrel, Incorporated","14.6","823689543.2","n/a","1994","Technology","Semiconductors","http://www.nasdaq.com/symbol/mcrl",
"MCHP","Microchip Technology Incorporated","48.57","9784358890.56","n/a","1993","Technology","Semiconductors","http://www.nasdaq.com/symbol/mchp",
"MU","Micron Technology, Inc.","29.515","31921661010.02","n/a","n/a","Technology","Semiconductors","http://www.nasdaq.com/symbol/mu",
"MSCC","Microsemi Corporation","35.73","3397908815.19","n/a","n/a","Technology","Semiconductors","http://www.nasdaq.com/symbol/mscc",
"MSFT","Microsoft Corporation","43.34","355552056678.94","n/a","1986","Technology","Computer Software: Prepackaged Software","http://www.nasdaq.com/symbol/msft",
"MSTR","MicroStrategy Incorporated","176.63","2000517915.31","n/a","1998","Technology","Computer Software: Prepackaged Software","http://www.nasdaq.com/symbol/mstr",
"MM","Millennial Media, Inc.","1.52","211329439.52","n/a","2012","Technology","Advertising","http://www.nasdaq.com/symbol/mm",
"MNDO","MIND C.T.I. Ltd.","3.06","58733389.08","n/a","n/a","Technology","EDP Services","http://www.nasdaq.com/symbol/mndo",
"MIND","Mitcham Industries, Inc.","4.96","59936917.76","n/a","1994","Technology","Diversified Commercial Services","http://www.nasdaq.com/symbol/mind",
"MITK","Mitek Systems, Inc.","3.14","96255773.7","n/a","n/a","Technology","Computer peripheral equipment","http://www.nasdaq.com/symbol/mitk",
"MITL","Mitel Networks Corporation","9.59","961580131.96","n/a","n/a","Technology","Radio And Television Broadcasting And Communications Equipment","http://www.nasdaq.com/symbol/mitl",
"MIXT","MiX Telematics Limited","6.86","216992227.2","n/a","2013","Technology","Computer Software: Prepackaged Software","http://www.nasdaq.com/symbol/mixt",
"MOBL","MobileIron, Inc.","7.11","550365810.57","n/a","2014","Technology","Computer Software: Prepackaged Software","http://www.nasdaq.com/symbol/mobl",
"MBLY","Mobileye N.V.","47.61","10316866232.43","n/a","2014","Technology","Computer Software: Prepackaged Software","http://www.nasdaq.com/symbol/mbly",
"MODN","Model N, Inc.","12.44","319069342.84","n/a","2013","Technology","Computer Software: Programming, Data Processing","http://www.nasdaq.com/symbol/modn",
"MDSY","ModSys International Ltd.","2.56","45733273.6","n/a","n/a","Technology","EDP Services","http://www.nasdaq.com/symbol/mdsy",
"MOKO","Moko Social Media Ltd.","5.4","81526397.4","n/a","2014","Technology","Computer Software: Programming, Data Processing","http://www.nasdaq.com/symbol/moko",
"MOMO","Momo Inc.","11.39","209576000","18400000","2014","Technology","Computer Software: Prepackaged Software","http://www.nasdaq.com/symbol/momo",
"MPWR","Monolithic Power Systems, Inc.","53.51","2102455095.82","n/a","2004","Technology","Semiconductors","http://www.nasdaq.com/symbol/mpwr",
"TYPE","Monotype Imaging Holdings Inc.","33.7","1335331731.9","n/a","2007","Technology","EDP Services","http://www.nasdaq.com/symbol/type",
"MWW","Monster Worldwide, Inc.","6.48","590916047.04","n/a","n/a","Technology","Professional Services","http://www.nasdaq.com/symbol/mww",
"MOG/A","Moog Inc.","73.78","0","n/a","n/a","Technology","Industrial Machinery/Components","http://www.nasdaq.com/symbol/mog/a",
"MOSY","MoSys, Inc.","2.22","143477165.88","n/a","2001","Technology","Semiconductors","http://www.nasdaq.com/symbol/mosy",
"MSI","Motorola Solutions, Inc.","60.84","12853857594.24","n/a","n/a","Technology","Radio And Television Broadcasting And Communications Equipment","http://www.nasdaq.com/symbol/msi",
"MRVC","MRV Communications, Inc.","8.26","58191567.84","n/a","1992","Technology","Semiconductors","http://www.nasdaq.com/symbol/mrvc",
"MFLX","Multi-Fineline Electronix, Inc.","20.55","499432136.85","n/a","2004","Technology","Electrical Products","http://www.nasdaq.com/symbol/mflx",
"NATI","National Instruments Corporation","32.17","4122380223.23","n/a","1995","Technology","Computer Software: Prepackaged Software","http://www.nasdaq.com/symbol/nati",
"NCIT","NCI, Inc.","10.13","131749321.28","n/a","2005","Technology","EDP Services","http://www.nasdaq.com/symbol/ncit",
"NEFF","Neff Corporation","11.29","287080031.35","n/a","2014","Technology","Diversified Commercial Services","http://www.nasdaq.com/symbol/neff",
"NPTN","NeoPhotonics Corporation","5.9","193439004.8","n/a","2011","Technology","Semiconductors","http://www.nasdaq.com/symbol/nptn",
"NETE","Net Element, Inc.","1.17","55528237.44","n/a","n/a","Technology","EDP Services","http://www.nasdaq.com/symbol/nete",
"NTAP","NetApp, Inc.","36.29","11313694771.64","n/a","1995","Technology","Electronic Components","http://www.nasdaq.com/symbol/ntap",
"NLST","Netlist, Inc.","0.5514","27761604.8832","n/a","2006","Technology","Semiconductors","http://www.nasdaq.com/symbol/nlst",
"NTCT","NetScout Systems, Inc.","44.61","1838711782.8","n/a","1999","Technology","EDP Services","http://www.nasdaq.com/symbol/ntct",
"NTWK","NetSol Technologies Inc.","6.26","63493345.82","n/a","n/a","Technology","Computer Software: Prepackaged Software","http://www.nasdaq.com/symbol/ntwk",
"N","Netsuite Inc","96.11","7430132333.19","n/a","2007","Technology","Computer Software: Prepackaged Software","http://www.nasdaq.com/symbol/n",
"NTIP","Network-1 Technologies, Inc.","2.3","55715972.8","n/a","n/a","Technology","Computer Software: Prepackaged Software","http://www.nasdaq.com/symbol/ntip",
"NEWR","New Relic, Inc.","32.96","1550837216","n/a","2014","Technology","Computer Software: Prepackaged Software","http://www.nasdaq.com/symbol/newr",
"NICE","NICE-Systems Limited","60.45","2280740779.2","37729376","n/a","Technology","Computer Manufacturing","http://www.nasdaq.com/symbol/nice",
"NMBL","Nimble Storage, Inc.","24.66","1911150000","n/a","2013","Technology","Electronic Components","http://www.nasdaq.com/symbol/nmbl",
"NOK","Nokia Corporation","7.85","29398597331.1","n/a","1994","Technology","Radio And Television Broadcasting And Communications Equipment","http://www.nasdaq.com/symbol/nok",
"NQ","NQ Mobile Inc.","4.16","360553419.2","n/a","2011","Technology","Computer Software: Prepackaged Software","http://www.nasdaq.com/symbol/nq",
"DCM","NTT DOCOMO, Inc","19.17","75366546458.85","n/a","n/a","Technology","Radio And Television Broadcasting And Communications Equipment","http://www.nasdaq.com/symbol/dcm",
"NUAN","Nuance Communications, Inc.","14.97","4870210623.87","n/a","n/a","Technology","Computer Software: Prepackaged Software","http://www.nasdaq.com/symbol/nuan",
"NVEC","NVE Corporation","68.93","334858700.29","n/a","n/a","Technology","Semiconductors","http://www.nasdaq.com/symbol/nvec",
"NVDA","NVIDIA Corporation","22.22","12217449488.42","n/a","1999","Technology","Semiconductors","http://www.nasdaq.com/symbol/nvda",
"NXPI","NXP Semiconductors N.V.","98.58","24817662870","n/a","2010","Technology","Semiconductors","http://www.nasdaq.com/symbol/nxpi",
"OIIM","O2Micro International Limited","2.39","79370685.88","33209492","n/a","Technology","Semiconductors","http://www.nasdaq.com/symbol/oiim",
"OCLR","Oclaro, Inc.","1.87","203862552.96","n/a","n/a","Technology","Semiconductors","http://www.nasdaq.com/symbol/oclr",
"OMCL","Omnicell, Inc.","35.9","1299201039.6","n/a","2001","Technology","Computer Manufacturing","http://www.nasdaq.com/symbol/omcl",
"OMC","Omnicom Group Inc.","77.8","19007484103","n/a","n/a","Technology","Advertising","http://www.nasdaq.com/symbol/omc",
"OVTI","OmniVision Technologies, Inc.","26.805","1557542614.905","n/a","2000","Technology","Semiconductors","http://www.nasdaq.com/symbol/ovti",
"ASGN","On Assignment, Inc.","38.7","1994258097.9","n/a","1992","Technology","Professional Services","http://www.nasdaq.com/symbol/asgn",
"ON","ON Semiconductor Corporation","12.245","5271145129.925","n/a","n/a","Technology","Semiconductors","http://www.nasdaq.com/symbol/on",
"OTIV","On Track Innovations Ltd","1.6","65308644.8","n/a","n/a","Technology","Semiconductors","http://www.nasdaq.com/symbol/otiv",
"OTEX","Open Text Corporation","57.41","7015940382.76","n/a","1996","Technology","EDP Services","http://www.nasdaq.com/symbol/otex",
"OPWR","Opower, Inc.","10.31","523074251.81","n/a","2014","Technology","Computer Software: Prepackaged Software","http://www.nasdaq.com/symbol/opwr",
"ORCL","Oracle Corporation","43.39","189487167300","n/a","1986","Technology","Computer Software: Prepackaged Software","http://www.nasdaq.com/symbol/orcl",
"OSIS","OSI Systems, Inc.","75.78","1500818580.54","n/a","1997","Technology","Semiconductors","http://www.nasdaq.com/symbol/osis",
"PFIN","P & F Industries, Inc.","6.39","22955244.3","n/a","n/a","Technology","Industrial Machinery/Components","http://www.nasdaq.com/symbol/pfin",
"PANW","Palo Alto Networks, Inc.","154.78","12734189246.52","n/a","2012","Technology","Computer peripheral equipment","http://www.nasdaq.com/symbol/panw",
"PCYG","Park City Group, Inc.","12.92","224856062.4","n/a","n/a","Technology","EDP Services","http://www.nasdaq.com/symbol/pcyg",
"PKE","Park Electrochemical Corporation","21.01","440067770.34","n/a","n/a","Technology","Electrical Products","http://www.nasdaq.com/symbol/pke",
"PRKR","ParkerVision, Inc.","0.699","68191305.684","n/a","1993","Technology","Radio And Television Broadcasting And Communications Equipment","http://www.nasdaq.com/symbol/prkr",
"PAYC","Paycom Software, Inc.","33.05","1929160889","n/a","2014","Technology","Computer Software: Prepackaged Software","http://www.nasdaq.com/symbol/payc",
"PCTY","Paylocity Holding Corporation","31.39","1584772427.82","n/a","2014","Technology","Computer Software: Prepackaged Software","http://www.nasdaq.com/symbol/pcty",
"PCTI","PC-Tel, Inc.","7.5","140220675","n/a","1999","Technology","Radio And Television Broadcasting And Communications Equipment","http://www.nasdaq.com/symbol/pcti",
"PDFS","PDF Solutions, Inc.","18.89","594117682.71","n/a","2001","Technology","EDP Services","http://www.nasdaq.com/symbol/pdfs",
"PEGA","Pegasystems Inc.","22.22","1702274488.86","n/a","1996","Technology","EDP Services","http://www.nasdaq.com/symbol/pega",
"PNR","Pentair plc.","61.3","11011856662.3","n/a","n/a","Technology","Industrial Machinery/Components","http://www.nasdaq.com/symbol/pnr",
"PRFT","Perficient, Inc.","20.81","736720052.53","n/a","1999","Technology","EDP Services","http://www.nasdaq.com/symbol/prft",
"PSEM","Pericom Semiconductor Corporation","14.07","314562990","n/a","1997","Technology","Semiconductors","http://www.nasdaq.com/symbol/psem",
"PERI","Perion Network Ltd","3.74","265331188.32","n/a","n/a","Technology","EDP Services","http://www.nasdaq.com/symbol/peri",
"PLAB","Photronics, Inc.","8.86","588704649.2","n/a","1987","Technology","Semiconductors","http://www.nasdaq.com/symbol/plab",
"PXLW","Pixelworks, Inc.","4.99","117011478.06","n/a","2000","Technology","Semiconductors","http://www.nasdaq.com/symbol/pxlw",
"PLXS","Plexus Corp.","44.52","1498425533.64","n/a","n/a","Technology","Electrical Products","http://www.nasdaq.com/symbol/plxs",
"PMCS","PMC - Sierra, Inc.","9.24","1869788936.4","n/a","n/a","Technology","Semiconductors","http://www.nasdaq.com/symbol/pmcs",
"PNTR","Pointer Telocation Ltd.","8.44","64891480.16","n/a","n/a","Technology","Radio And Television Broadcasting And Communications Equipment","http://www.nasdaq.com/symbol/pntr",
"POWI","Power Integrations, Inc.","52.09","1529538985.1","n/a","1997","Technology","Semiconductors","http://www.nasdaq.com/symbol/powi",
"PKT","Procera Networks, Inc.","11.45","237793233.6","n/a","n/a","Technology","EDP Services","http://www.nasdaq.com/symbol/pkt",
"IPDN","Professional Diversity Network, Inc.","3.04","39301338.88","n/a","2013","Technology","Computer Software: Programming, Data Processing","http://www.nasdaq.com/symbol/ipdn",
"PRGS","Progress Software Corporation","25.79","1304872155.29","n/a","1991","Technology","Computer Software: Prepackaged Software","http://www.nasdaq.com/symbol/prgs",
"PFPT","Proofpoint, Inc.","56.93","2219925118.06","n/a","2012","Technology","EDP Services","http://www.nasdaq.com/symbol/pfpt",
"PRO","PROS Holdings, Inc.","23.38","689579095.38","n/a","2007","Technology","EDP Services","http://www.nasdaq.com/symbol/pro",
"PTC","PTC Inc.","37.36","4293671860.72","n/a","n/a","Technology","Computer Software: Prepackaged Software","http://www.nasdaq.com/symbol/ptc",
"QTWO","Q2 Holdings, Inc.","20.14","739025578.52","n/a","2014","Technology","Computer Software: Prepackaged Software","http://www.nasdaq.com/symbol/qtwo",
"QADA","QAD Inc.","25.76","478353514.24","n/a","n/a","Technology","Computer Software: Prepackaged Software","http://www.nasdaq.com/symbol/qada",
"QADB","QAD Inc.","20.7877","386019772.8248","n/a","n/a","Technology","Computer Software: Prepackaged Software","http://www.nasdaq.com/symbol/qadb",
"QIHU","Qihoo 360 Technology Co. Ltd.","62.56","7878010636.8","n/a","2011","Technology","EDP Services","http://www.nasdaq.com/symbol/qihu",
"QLIK","Qlik Technologies Inc.","33.65","3070227581.55","n/a","2010","Technology","Computer Software: Prepackaged Software","http://www.nasdaq.com/symbol/qlik",
"QLGC","QLogic Corporation","15.19","1326785740","n/a","n/a","Technology","Computer Communications Equipment","http://www.nasdaq.com/symbol/qlgc",
"QRVO","Qorvo, Inc.","73.27","10878302894.59","n/a","n/a","Technology","Semiconductors","http://www.nasdaq.com/symbol/qrvo",
"QCOM","QUALCOMM Incorporated","68.34","112730937370.68","n/a","1991","Technology","Radio And Television Broadcasting And Communications Equipment","http://www.nasdaq.com/symbol/qcom",
"QSII","Quality Systems, Inc.","15.84","954924141.6","n/a","1982","Technology","EDP Services","http://www.nasdaq.com/symbol/qsii",
"QBAK","Qualstar Corporation","1.35","16541707.95","n/a","2000","Technology","Electronic Components","http://www.nasdaq.com/symbol/qbak",
"QLYS","Qualys, Inc.","53.7","1822881405","n/a","2012","Technology","Computer Software: Prepackaged Software","http://www.nasdaq.com/symbol/qlys",
"QTM","Quantum Corporation","2.09","535851854.23","n/a","n/a","Technology","Electronic Components","http://www.nasdaq.com/symbol/qtm",
"QRHC","Quest Resource Holding Corporation.","1.26","140688833.04","n/a","n/a","Technology","Diversified Commercial Services","http://www.nasdaq.com/symbol/qrhc",
"QUIK","QuickLogic Corporation","2.01","112936692.09","n/a","1999","Technology","Semiconductors","http://www.nasdaq.com/symbol/quik",
"QUMU","Qumu Corporation","13.92","127202700","n/a","n/a","Technology","Computer Software: Prepackaged Software","http://www.nasdaq.com/symbol/qumu",
"RAX","Rackspace Hosting, Inc","53","7550453617","n/a","2008","Technology","Computer Software: Programming, Data Processing","http://www.nasdaq.com/symbol/rax",
"RDCM","Radcom Ltd.","9.78","82888013.46","n/a","1997","Technology","Computer peripheral equipment","http://www.nasdaq.com/symbol/rdcm",
"RSYS","RadiSys Corporation","2.11","77435776.2","n/a","1995","Technology","Computer peripheral equipment","http://www.nasdaq.com/symbol/rsys",
"RALY","Rally Software Development Corp.","15.76","403403188.24","n/a","2013","Technology","Computer Software: Prepackaged Software","http://www.nasdaq.com/symbol/raly",
"RMBS","Rambus, Inc.","14.295","1649913875.955","n/a","1997","Technology","Semiconductors","http://www.nasdaq.com/symbol/rmbs",
"RCMT","RCM Technologies, Inc.","6.17","78398037.59","n/a","n/a","Technology","Professional Services","http://www.nasdaq.com/symbol/rcmt",
"RLOC","ReachLocal, Inc.","2.94","86135658.42","n/a","2010","Technology","Advertising","http://www.nasdaq.com/symbol/rloc",
"RLD","RealD Inc","12.7","639592726.4","n/a","2010","Technology","Radio And Television Broadcasting And Communications Equipment","http://www.nasdaq.com/symbol/rld",
"RNWK","RealNetworks, Inc.","6.87","248027026.05","n/a","1997","Technology","EDP Services","http://www.nasdaq.com/symbol/rnwk",
"RP","RealPage, Inc.","19.52","1540604073.28","n/a","2010","Technology","Computer Software: Prepackaged Software","http://www.nasdaq.com/symbol/rp",
"RHT","Red Hat, Inc.","76.85","14095404939.8","n/a","n/a","Technology","Computer Software: Programming, Data Processing","http://www.nasdaq.com/symbol/rht",
"RWC","RELM Wireless Corporation","6.35","86936326","n/a","n/a","Technology","Radio And Television Broadcasting And Communications Equipment","http://www.nasdaq.com/symbol/rwc",
"SOL","Renesola Ltd.","1.84","187359928.32","n/a","2008","Technology","Semiconductors","http://www.nasdaq.com/symbol/sol",
"RENN","Renren Inc.","2.97","1015175126.79","n/a","2011","Technology","EDP Services","http://www.nasdaq.com/symbol/renn",
"RCII","Rent-A-Center Inc.","26.24","1391380723.2","n/a","1995","Technology","Diversified Commercial Services","http://www.nasdaq.com/symbol/rcii",
"RESN","Resonant Inc.","3.84","27487779.84","n/a","2014","Technology","Semiconductors","http://www.nasdaq.com/symbol/resn",
"RXN","Rexnord Corporation","26.45","2690213286.15","n/a","2012","Technology","Industrial Machinery/Components","http://www.nasdaq.com/symbol/rxn",
"RNG","Ringcentral, Inc.","17.19","1181956620.96","n/a","2013","Technology","EDP Services","http://www.nasdaq.com/symbol/rng",
"RVBD","Riverbed Technology, Inc.","21","3313411353","n/a","2006","Technology","Computer Communications Equipment","http://www.nasdaq.com/symbol/rvbd",
"RHI","Robert Half International Inc.","59.39","8033255672.74","n/a","n/a","Technology","Professional Services","http://www.nasdaq.com/symbol/rhi",
"FUEL","Rocket Fuel Inc.","8.91","375100076.34","n/a","2013","Technology","Computer Software: Programming, Data Processing","http://www.nasdaq.com/symbol/fuel",
"RST","Rosetta Stone","8.26","178426068.94","n/a","2009","Technology","Computer Software: Prepackaged Software","http://www.nasdaq.com/symbol/rst",
"RBCN","Rubicon Technology, Inc.","3.9","102171587.7","n/a","2007","Technology","Semiconductors","http://www.nasdaq.com/symbol/rbcn",
"RKUS","Ruckus Wireless, Inc.","12.46","1062615165.36","n/a","2012","Technology","Computer peripheral equipment","http://www.nasdaq.com/symbol/rkus",
"SABR","Sabre Corporation","25.38","6885050436.54","n/a","2014","Technology","Computer Software: Programming, Data Processing","http://www.nasdaq.com/symbol/sabr",
"CRM","Salesforce.com Inc","68.47","44546582000","n/a","2004","Technology","Computer Software: Prepackaged Software","http://www.nasdaq.com/symbol/crm",
"SNDK","SanDisk Corporation","68.76","14646827512.8","n/a","1995","Technology","Electronic Components","http://www.nasdaq.com/symbol/sndk",
"SANM","Sanmina Corporation","20.84","1733395675.84","n/a","1993","Technology","Electrical Products","http://www.nasdaq.com/symbol/sanm",
"SAP","SAP SE","74.82","89427062211.6","n/a","n/a","Technology","Computer Software: Prepackaged Software","http://www.nasdaq.com/symbol/sap",
"SPNS","Sapiens International Corporation N.V.","8.37","399075833.07","n/a","1992","Technology","Computer Software: Prepackaged Software","http://www.nasdaq.com/symbol/spns",
"SCSC","ScanSource, Inc.","41.11","1178212312.23","n/a","n/a","Technology","Retail: Computer Software & Peripheral Equipment","http://www.nasdaq.com/symbol/scsc",
"SAIC","SCIENCE APPLICATIONS INTERNATIONAL CORPORATION","52.4","2390059053.6","n/a","n/a","Technology","EDP Services","http://www.nasdaq.com/symbol/saic",
"SGMS","Scientific Games Corp","12.6","1077604378.2","n/a","n/a","Technology","EDP Services","http://www.nasdaq.com/symbol/sgms",
"SQI","SciQuest, Inc.","16","442591792","n/a","2010","Technology","Computer Software: Prepackaged Software","http://www.nasdaq.com/symbol/sqi",
"SEAC","SeaChange International, Inc.","7.08","235761005.16","n/a","1996","Technology","Radio And Television Broadcasting And Communications Equipment","http://www.nasdaq.com/symbol/seac",
"STX","Seagate Technology.","58.75","19289857793.75","n/a","2002","Technology","Electronic Components","http://www.nasdaq.com/symbol/stx",
"SLTC","Selectica, Inc.","5.83","46405849.71","n/a","2000","Technology","Computer Software: Prepackaged Software","http://www.nasdaq.com/symbol/sltc",
"SMI","Semiconductor  Manufacturing International Corporation","5.46","3915485699.58","n/a","2004","Technology","Semiconductors","http://www.nasdaq.com/symbol/smi",
"LEDS","SemiLEDS Corporation","0.9016","25653218.4888","n/a","2010","Technology","Semiconductors","http://www.nasdaq.com/symbol/leds",
"SMTC","Semtech Corporation","25.5","1729382281.5","n/a","n/a","Technology","Semiconductors","http://www.nasdaq.com/symbol/smtc",
"SQNS","Sequans Communications S.A.","2.25","133075667.25","n/a","2011","Technology","Semiconductors","http://www.nasdaq.com/symbol/sqns",
"NOW","ServiceNow, Inc.","76.88","11570440000","n/a","2012","Technology","Computer Software: Prepackaged Software","http://www.nasdaq.com/symbol/now",
"SGOC","SGOCO Group, Ltd","0.56","9752322.16","n/a","2010","Technology","Radio And Television Broadcasting And Communications Equipment","http://www.nasdaq.com/symbol/sgoc",
"SSTK","Shutterstock, Inc.","70.4","2510762918.4","n/a","2012","Technology","EDP Services","http://www.nasdaq.com/symbol/sstk",
"SWIR","Sierra Wireless, Inc.","37.78","1204156650.8","n/a","n/a","Technology","Radio And Television Broadcasting And Communications Equipment","http://www.nasdaq.com/symbol/swir",
"SIFY","Sify Technologies Limited","1.6","40155640","25097275","n/a","Technology","Computer Software: Programming, Data Processing","http://www.nasdaq.com/symbol/sify",
"SIGM","Sigma Designs, Inc.","8.35","295568290","n/a","1986","Technology","Semiconductors","http://www.nasdaq.com/symbol/sigm",
"SGMA","SigmaTron International, Inc.","7.7501","31455617.6237","n/a","1994","Technology","Electrical Products","http://www.nasdaq.com/symbol/sgma",
"SILC","Silicom Ltd","42.49","306719716.17","n/a","n/a","Technology","Computer Communications Equipment","http://www.nasdaq.com/symbol/silc",
"SGI","Silicon Graphics International Corp","9.57","329421458.85","n/a","n/a","Technology","Computer Manufacturing","http://www.nasdaq.com/symbol/sgi",
"SLAB","Silicon Laboratories, Inc.","52.64","2245970139.84","n/a","2000","Technology","Semiconductors","http://www.nasdaq.com/symbol/slab",
"SIMO","Silicon Motion Technology Corporation","33.15","1120546543.35","33802309","2005","Technology","Semiconductors","http://www.nasdaq.com/symbol/simo",
"SPIL","Siliconware Precision Industries Company, Ltd.","8.28","414848451.6","50102470","n/a","Technology","Semiconductors","http://www.nasdaq.com/symbol/spil",
"SSNI","Silver Spring Networks, Inc.","10.33","513336509.81","n/a","2013","Technology","Computer Communications Equipment","http://www.nasdaq.com/symbol/ssni",
"SLP","Simulations Plus, Inc.","5.85","98584884.45","n/a","n/a","Technology","EDP Services","http://www.nasdaq.com/symbol/slp",
"SINA","Sina Corporation","37.35","2465935855.65","n/a","n/a","Technology","Computer Software: Prepackaged Software","http://www.nasdaq.com/symbol/sina",
"MOBI","Sky-mobi Limited","4.75","61692705.5","12987938","2010","Technology","Computer Software: Prepackaged Software","http://www.nasdaq.com/symbol/mobi",
"SWKS","Skyworks Solutions, Inc.","95.815","18303982019.485","n/a","n/a","Technology","Semiconductors","http://www.nasdaq.com/symbol/swks",
"SMT","SMART Technologies Inc.","1.17","142963368.21","n/a","n/a","Technology","Computer peripheral equipment","http://www.nasdaq.com/symbol/smt",
"SMSI","Smith Micro Software, Inc.","1.4968","67362205.7328","n/a","1995","Technology","Computer Software: Prepackaged Software","http://www.nasdaq.com/symbol/smsi",
"SMTX","SMTC Corporation","1.41","23148359.16","n/a","2000","Technology","Electrical Products","http://www.nasdaq.com/symbol/smtx",
"SMTP","SMTP, Inc.","5.4","29498369.4","n/a","n/a","Technology","Advertising","http://www.nasdaq.com/symbol/smtp",
"SOHU","Sohu.com Inc.","65.55","2524847820.6","n/a","n/a","Technology","EDP Services","http://www.nasdaq.com/symbol/sohu",
"SEDG","SolarEdge Technologies, Inc.","24.79","943632391.18","n/a","2015","Technology","Semiconductors","http://www.nasdaq.com/symbol/sedg",
"SWI","Solarwinds, Inc.","51.69","3947274905.58","n/a","2009","Technology","Computer Software: Prepackaged Software","http://www.nasdaq.com/symbol/swi",
"SLH","Solera Holdings, Inc.","50.39","3385972930.65","n/a","2007","Technology","Computer Software: Programming, Data Processing","http://www.nasdaq.com/symbol/slh",
"SOFO","Sonic Foundry, Inc.","10.01","43516503.03","n/a","n/a","Technology","Radio And Television Broadcasting And Communications Equipment","http://www.nasdaq.com/symbol/sofo",
"SONS","Sonus Networks, Inc.","7.93","391991485.73","n/a","n/a","Technology","EDP Services","http://www.nasdaq.com/symbol/sons",
"SFUN","SouFun Holdings Limited","8.56","3505537167.2","n/a","2010","Technology","EDP Services","http://www.nasdaq.com/symbol/sfun",
"SPA","Sparton Corporation","27.65","273928550","n/a","n/a","Technology","Electrical Products","http://www.nasdaq.com/symbol/spa",
"SPDC","Speed Commerce, Inc.","0.3299","21776990.9615","n/a","n/a","Technology","Retail: Computer Software & Peripheral Equipment","http://www.nasdaq.com/symbol/spdc",
"ANY","Sphere 3D Corp.","4.27","147545131.65","n/a","n/a","Technology","EDP Services","http://www.nasdaq.com/symbol/any",
"SPLK","Splunk Inc.","67.81","8477409076.33","n/a","2012","Technology","Computer Software: Prepackaged Software","http://www.nasdaq.com/symbol/splk",
"SPSC","SPS Commerce, Inc.","67.56","1116441971.52","n/a","2010","Technology","Computer Software: Prepackaged Software","http://www.nasdaq.com/symbol/spsc",
"SPW","SPX Corporation","82.98","3401225978.94","n/a","n/a","Technology","Industrial Machinery/Components","http://www.nasdaq.com/symbol/spw",
"SSNC","SS&C Technologies Holdings, Inc.","64.7","5287699568.1","n/a","2010","Technology","Computer Software: Prepackaged Software","http://www.nasdaq.com/symbol/ssnc",
"SXI","Standex International Corporation","82.64","1055479898.08","n/a","n/a","Technology","Industrial Machinery/Components","http://www.nasdaq.com/symbol/sxi",
"SRT","StarTek, Inc.","8.05","124107832.1","n/a","1997","Technology","Professional Services","http://www.nasdaq.com/symbol/srt",
"STM","STMicroelectronics N.V.","9.65","8433516975.95","n/a","n/a","Technology","Semiconductors","http://www.nasdaq.com/symbol/stm",
"SSYS","Stratasys, Ltd.","54.57","2778853758.09","n/a","1994","Technology","Computer peripheral equipment","http://www.nasdaq.com/symbol/ssys",
"STRM","Streamline Health Solutions, Inc.","2.37","44089794.93","n/a","n/a","Technology","EDP Services","http://www.nasdaq.com/symbol/strm",
"SEMI","SunEdison Semiconductor Limited","23.17","961698074.75","n/a","2014","Technology","Semiconductors","http://www.nasdaq.com/symbol/semi",
"SUNE","SunEdison, Inc.","27.5","7489811642.5","n/a","n/a","Technology","Semiconductors","http://www.nasdaq.com/symbol/sune",
"GOMO","Sungy Mobile Limited","4.99","158049392.75","n/a","2013","Technology","Computer Software: Prepackaged Software","http://www.nasdaq.com/symbol/gomo",
"SPWR","SunPower Corporation","34.85","4643909601.85","n/a","2005","Technology","Semiconductors","http://www.nasdaq.com/symbol/spwr",
"SMCI","Super Micro Computer, Inc.","31.23","1453467185.28","n/a","2007","Technology","Computer Manufacturing","http://www.nasdaq.com/symbol/smci",
"SPCB","SuperCom, Ltd.","11.4","156665469","n/a","n/a","Technology","Semiconductors","http://www.nasdaq.com/symbol/spcb",
"SCON","Superconductor Technologies Inc.","1.2","21892426.8","n/a","1993","Technology","Radio And Television Broadcasting And Communications Equipment","http://www.nasdaq.com/symbol/scon",
"SPRT","support.com, Inc.","1.78","96733971.84","n/a","2000","Technology","EDP Services","http://www.nasdaq.com/symbol/sprt",
"SYKE","Sykes Enterprises, Incorporated","25.09","1086562719.45","n/a","1996","Technology","EDP Services","http://www.nasdaq.com/symbol/syke",
"SYMC","Symantec Corporation","24.64","16813845540.8","n/a","1989","Technology","Computer Software: Prepackaged Software","http://www.nasdaq.com/symbol/symc",
"SYNC","Synacor, Inc.","2.44","66928382.6","n/a","2012","Technology","Computer Software: Programming, Data Processing","http://www.nasdaq.com/symbol/sync",
"SYNA","Synaptics Incorporated","89.04","3268952499.12","n/a","2002","Technology","EDP Services","http://www.nasdaq.com/symbol/syna",
"SNCR","Synchronoss Technologies, Inc.","51.92","2240866992.32","n/a","2006","Technology","EDP Services","http://www.nasdaq.com/symbol/sncr",
"SNX","Synnex Corporation","78.03","3082966002.27","n/a","2003","Technology","Retail: Computer Software & Peripheral Equipment","http://www.nasdaq.com/symbol/snx",
"SNPS","Synopsys, Inc.","47.96","7370806122.68","n/a","1992","Technology","Computer Software: Prepackaged Software","http://www.nasdaq.com/symbol/snps",
"SYNT","Syntel, Inc.","48.6","4070165824.8","n/a","1997","Technology","EDP Services","http://www.nasdaq.com/symbol/synt",
"SYRX","Sysorex Global Holding Corp.","2.34","46311892.38","n/a","2014","Technology","EDP Services","http://www.nasdaq.com/symbol/syrx",
"DATA","Tableau Software, Inc.","102.2","7269131468.2","n/a","2013","Technology","Computer Software: Prepackaged Software","http://www.nasdaq.com/symbol/data",
"TSM","Taiwan Semiconductor Manufacturing Company Ltd.","24.3","126018159434.1","n/a","1997","Technology","Semiconductors","http://www.nasdaq.com/symbol/tsm",
"TTWO","Take-Two Interactive Software, Inc.","25.1","2117653064.8","n/a","1997","Technology","Computer Software: Prepackaged Software","http://www.nasdaq.com/symbol/ttwo",
"TAL","TAL International Group, Inc.","41.78","1389318278.2","n/a","2005","Technology","Diversified Commercial Services","http://www.nasdaq.com/symbol/tal",
"TNGO","Tangoe, Inc.","14.42","562147217.94","n/a","2011","Technology","Computer Software: Prepackaged Software","http://www.nasdaq.com/symbol/tngo",
"TMH","Team Health Holdings, Inc.","62.63","4496443126.17","n/a","2009","Technology","Professional Services","http://www.nasdaq.com/symbol/tmh",
"TECD","Tech Data Corporation","58.89","2157214606.95","n/a","1986","Technology","Retail: Computer Software & Peripheral Equipment","http://www.nasdaq.com/symbol/tecd",
"TCCO","Technical Communications Corporation","4.17","7668300.57","n/a","n/a","Technology","Radio And Television Broadcasting And Communications Equipment","http://www.nasdaq.com/symbol/tcco",
"TSYS","TeleCommunication Systems, Inc.","3.32","201403055.72","n/a","2000","Technology","Computer Software: Prepackaged Software","http://www.nasdaq.com/symbol/tsys",
"TTEC","TeleTech Holdings, Inc.","26","1257523072","n/a","1996","Technology","Professional Services","http://www.nasdaq.com/symbol/ttec",
"TNC","Tennant Company","67.19","1237320580.31","n/a","n/a","Technology","Industrial Machinery/Components","http://www.nasdaq.com/symbol/tnc",
"TDC","Teradata Corporation","44.45","6451913988.45","n/a","n/a","Technology","Computer Manufacturing","http://www.nasdaq.com/symbol/tdc",
"TSRA","Tessera Technologies, Inc.","39.57","2088070437.96","n/a","2003","Technology","Semiconductors","http://www.nasdaq.com/symbol/tsra",
"TXN","Texas Instruments Incorporated","54.72","57299626710.72","n/a","n/a","Technology","Semiconductors","http://www.nasdaq.com/symbol/txn",
"TGH","Textainer Group Holdings Limited","31.32","1780952104.08","n/a","2007","Technology","Diversified Commercial Services","http://www.nasdaq.com/symbol/tgh",
"TXTR","Textura Corporation","28.62","734800383.54","n/a","2013","Technology","Computer Software: Prepackaged Software","http://www.nasdaq.com/symbol/txtr",
"DSGX","The Descartes Systems Group Inc.","15.97","1205423457.24","n/a","n/a","Technology","Computer Software: Prepackaged Software","http://www.nasdaq.com/symbol/dsgx",
"KEYW","The KEYW Holding Corporation","9.92","372796070.08","n/a","2010","Technology","EDP Services","http://www.nasdaq.com/symbol/keyw",
"MIDD","The Middleby Corporation","103.69","5944239948.08","n/a","n/a","Technology","Industrial Machinery/Components","http://www.nasdaq.com/symbol/midd",
"RUBI","The Rubicon Project, Inc.","17.55","665452511.1","n/a","2014","Technology","Computer Software: Programming, Data Processing","http://www.nasdaq.com/symbol/rubi",
"ULTI","The Ultimate Software Group, Inc.","180.54","5368377301.02","n/a","1998","Technology","Computer Software: Prepackaged Software","http://www.nasdaq.com/symbol/ulti",
"TIGR","TigerLogic Corporation","0.4","12378726.8","n/a","n/a","Technology","Computer Software: Prepackaged Software","http://www.nasdaq.com/symbol/tigr",
"TISA","Top Image Systems, Ltd.","3.39","60453731.01","n/a","1996","Technology","Computer peripheral equipment","http://www.nasdaq.com/symbol/tisa",
"TSEM","Tower Semiconductor Ltd.","17.22","1312302672.66","n/a","1994","Technology","Semiconductors","http://www.nasdaq.com/symbol/tsem",
"TACT","TransAct Technologies Incorporated","5.21","40365475.32","n/a","1996","Technology","Computer peripheral equipment","http://www.nasdaq.com/symbol/tact",
"TZOO","Travelzoo Inc.","13.03","191937815.62","n/a","n/a","Technology","EDP Services","http://www.nasdaq.com/symbol/tzoo",
"TRMR","Tremor Video, Inc.","2.92","150029737.24","n/a","2013","Technology","Advertising","http://www.nasdaq.com/symbol/trmr",
"TSL","Trina Solar Limited","12.84","1060595350.56","n/a","2006","Technology","Semiconductors","http://www.nasdaq.com/symbol/tsl",
"TRT","Trio-Tech International","3","10539165","n/a","n/a","Technology","Industrial Machinery/Components","http://www.nasdaq.com/symbol/trt",
"TRIP","TripAdvisor, Inc.","82.785","11832185369.37","n/a","n/a","Technology","Computer Software: Programming, Data Processing","http://www.nasdaq.com/symbol/trip",
"TBI","TrueBlue, Inc.","24.81","1035360747.9","n/a","n/a","Technology","Professional Services","http://www.nasdaq.com/symbol/tbi",
"TRUE","TrueCar, Inc.","15.71","1263384783.66","n/a","2014","Technology","Computer Software: Programming, Data Processing","http://www.nasdaq.com/symbol/true",
"TSRI","TSR, Inc.","4.12","8083695.44","n/a","n/a","Technology","EDP Services","http://www.nasdaq.com/symbol/tsri",
"TTMI","TTM Technologies, Inc.","9.31","782175255.68","n/a","2000","Technology","Electrical Products","http://www.nasdaq.com/symbol/ttmi",
"TUBE","TubeMogul, Inc.","15.52","469766840.64","n/a","2014","Technology","Computer Software: Prepackaged Software","http://www.nasdaq.com/symbol/tube",
"TCX","Tucows Inc.","17.81","198179670.78","n/a","n/a","Technology","EDP Services","http://www.nasdaq.com/symbol/tcx",
"TWIN","Twin Disc, Incorporated","18.55","209342834.4","n/a","n/a","Technology","Industrial Machinery/Components","http://www.nasdaq.com/symbol/twin",
"TWTR","Twitter, Inc.","51.41","33641734715.86","n/a","2013","Technology","Computer Software: Programming, Data Processing","http://www.nasdaq.com/symbol/twtr",
"TYL","Tyler Technologies, Inc.","130.3","4385569253.1","n/a","n/a","Technology","Computer Software: Prepackaged Software","http://www.nasdaq.com/symbol/tyl",
"UBIC","UBIC, Inc.","16.31","2039402.4","125040","2013","Technology","EDP Services","http://www.nasdaq.com/symbol/ubic",
"UBNT","Ubiquiti Networks, Inc.","31.43","2761537641.59","n/a","2011","Technology","Radio And Television Broadcasting And Communications Equipment","http://www.nasdaq.com/symbol/ubnt",
"UCTT","Ultra Clean Holdings, Inc.","5.66","179825988.16","n/a","2004","Technology","Semiconductors","http://www.nasdaq.com/symbol/uctt",
"UTEK","Ultratech, Inc.","19.47","533454129.78","n/a","1993","Technology","Industrial Machinery/Components","http://www.nasdaq.com/symbol/utek",
"UIS","Unisys Corporation","23.55","1175390767.8","n/a","n/a","Technology","EDP Services","http://www.nasdaq.com/symbol/uis",
"UMC","United Microelectronics Corporation","2.37","5939550752.46","n/a","n/a","Technology","Semiconductors","http://www.nasdaq.com/symbol/umc",
"UNTD","United Online, Inc.","17.63","256349596.79","n/a","n/a","Technology","Computer Software: Programming, Data Processing","http://www.nasdaq.com/symbol/untd",
"URI","United Rentals, Inc.","98.53","9554455577.95","n/a","1997","Technology","Diversified Commercial Services","http://www.nasdaq.com/symbol/uri",
"UPIP","Unwired Planet, Inc.","0.6898","77338433.5232","n/a","n/a","Technology","Computer Software: Prepackaged Software","http://www.nasdaq.com/symbol/upip",
"UPLD","Upland Software, Inc.","6.72","102532395.84","n/a","2014","Technology","Computer Software: Prepackaged Software","http://www.nasdaq.com/symbol/upld",
"VRNS","Varonis Systems, Inc.","28.32","702147445.44","n/a","2014","Technology","Computer Software: Prepackaged Software","http://www.nasdaq.com/symbol/vrns",
"VDSI","VASCO Data Security International, Inc.","26.03","1032659244.64","n/a","n/a","Technology","EDP Services","http://www.nasdaq.com/symbol/vdsi",
"VECO","Veeco Instruments Inc.","31.21","1259705978.55","n/a","1994","Technology","Industrial Machinery/Components","http://www.nasdaq.com/symbol/veco",
"VEEV","Veeva Systems Inc.","27.41","3603644011.52","n/a","2013","Technology","Computer Software: Prepackaged Software","http://www.nasdaq.com/symbol/veev",
"VRNT","Verint Systems Inc.","64","3897914368","n/a","2002","Technology","EDP Services","http://www.nasdaq.com/symbol/vrnt",
"VRSN","VeriSign, Inc.","67.73","7885735086.32","n/a","1998","Technology","EDP Services","http://www.nasdaq.com/symbol/vrsn",
"VRSK","Verisk Analytics, Inc.","72.48","11464030628.64","n/a","2009","Technology","EDP Services","http://www.nasdaq.com/symbol/vrsk",
"VSAT","ViaSat, Inc.","61.93","2950256206.59","n/a","1996","Technology","Radio And Television Broadcasting And Communications Equipment","http://www.nasdaq.com/symbol/vsat",
"VIAS","Viasystems Group, Inc.","17.77","371354065.93","n/a","n/a","Technology","Electrical Products","http://www.nasdaq.com/symbol/vias",
"VGGL","Viggle Inc.","2.65","44519780.05","n/a","n/a","Technology","Computer Software: Programming, Data Processing","http://www.nasdaq.com/symbol/vggl",
"VIMC","Vimicro International Corporation","13.26","341474344.38","25752213","2005","Technology","Semiconductors","http://www.nasdaq.com/symbol/vimc",
"VMEM","Violin Memory, Inc.","3.77","361394669.35","n/a","2013","Technology","Electronic Components","http://www.nasdaq.com/symbol/vmem",
"VRTU","Virtusa Corporation","41.14","1217832163.02","n/a","2007","Technology","EDP Services","http://www.nasdaq.com/symbol/vrtu",
"VISN","VisionChina Media, Inc.","15","59437830","3962522","2007","Technology","Advertising","http://www.nasdaq.com/symbol/visn",
"VTSS","Vitesse Semiconductor Corporation","5.275","365481160.2","n/a","1991","Technology","Semiconductors","http://www.nasdaq.com/symbol/vtss",
"VMW","Vmware, Inc.","89.09","11185765509.28","n/a","2007","Technology","Computer Software: Prepackaged Software","http://www.nasdaq.com/symbol/vmw",
"VISI","Volt Information Sciences, Inc.","12.05","252782441.8","n/a","n/a","Technology","Professional Services","http://www.nasdaq.com/symbol/visi",
"VUZI","Vuzix Corporation","6.21","98505615.78","n/a","n/a","Technology","Radio And Television Broadcasting And Communications Equipment","http://www.nasdaq.com/symbol/vuzi",
"WAVX","Wave Systems Corp.","0.81","41702244.93","n/a","1994","Technology","Computer peripheral equipment","http://www.nasdaq.com/symbol/wavx",
"WSTG","Wayside Technology Group, Inc.","17.385","83515871.04","n/a","n/a","Technology","Retail: Computer Software & Peripheral Equipment","http://www.nasdaq.com/symbol/wstg",
"WWWW","Web.com Group, Inc.","19.41","1005473287.38","n/a","n/a","Technology","Computer Software: Prepackaged Software","http://www.nasdaq.com/symbol/wwww",
"WB","Weibo Corporation","15.89","724811608.36","45614324","2014","Technology","Computer Software: Programming, Data Processing","http://www.nasdaq.com/symbol/wb",
"WDC","Western Digital Corporation","100.27","23165531813.91","n/a","n/a","Technology","Electronic Components","http://www.nasdaq.com/symbol/wdc",
"WYY","WidePoint Corporation","1.55","126668732.65","n/a","n/a","Technology","EDP Services","http://www.nasdaq.com/symbol/wyy",
"WIT","Wipro Limited","11.79","29077880648.67","n/a","n/a","Technology","EDP Services","http://www.nasdaq.com/symbol/wit",
"WIX","Wix.com Ltd.","20.88","802192749.84","n/a","2013","Technology","Computer Software: Programming, Data Processing","http://www.nasdaq.com/symbol/wix",
"WDAY","Workday, Inc.","87.9","9401072097.9","n/a","2012","Technology","EDP Services","http://www.nasdaq.com/symbol/wday",
"WK","Workiva Inc.","14.79","410541648.24","n/a","2014","Technology","Computer Software: Prepackaged Software","http://www.nasdaq.com/symbol/wk",
"WOWO","Wowo Limited","8.84","39780000","4500000","2015","Technology","EDP Services","http://www.nasdaq.com/symbol/wowo",
"WPPGY","WPP plc","118.86","1217991344.22","10247277","n/a","Technology","Advertising","http://www.nasdaq.com/symbol/wppgy",
"WSCI","WSI Industries Inc.","6.15","17911524.45","n/a","n/a","Technology","Industrial Machinery/Components","http://www.nasdaq.com/symbol/wsci",
"XLNX","Xilinx, Inc.","43.76","11440497298.24","n/a","1990","Technology","Semiconductors","http://www.nasdaq.com/symbol/xlnx",
"XPLR","Xplore Technologies Corp","6.48","69849565.92","n/a","n/a","Technology","Computer Manufacturing","http://www.nasdaq.com/symbol/xplr",
"XNET","Xunlei Limited","7.88","85200530","10812250","2014","Technology","Computer Software: Prepackaged Software","http://www.nasdaq.com/symbol/xnet",
"YHOO","Yahoo! Inc.","43.695","40903805085.03","n/a","1996","Technology","EDP Services","http://www.nasdaq.com/symbol/yhoo",
"YNDX","Yandex N.V.","20.75","5303540681.5","n/a","2011","Technology","Computer Software: Programming, Data Processing","http://www.nasdaq.com/symbol/yndx",
"YGE","Yingli Green Energy Holding Company Limited","1.93","302554076.1","n/a","2007","Technology","Semiconductors","http://www.nasdaq.com/symbol/yge",
"YDLE","Yodlee, Inc.","12.49","367235064.23","n/a","2014","Technology","Computer Software: Prepackaged Software","http://www.nasdaq.com/symbol/ydle",
"YOKU","Youku Tudou Inc.","16.91","3347586391.36","n/a","2010","Technology","Radio And Television Broadcasting And Communications Equipment","http://www.nasdaq.com/symbol/yoku",
"YUME","YuMe, Inc.","5.19","172954014.87","n/a","2013","Technology","Advertising","http://www.nasdaq.com/symbol/yume",
"YY","YY Inc.","62.92","2324517990.08","36944024","2012","Technology","EDP Services","http://www.nasdaq.com/symbol/yy",
"ZBRA","Zebra Technologies Corporation","97.98","5074879194.96","n/a","1991","Technology","Industrial Machinery/Components","http://www.nasdaq.com/symbol/zbra",
"ZEN","Zendesk, Inc.","23.82","1826093651.64","n/a","2014","Technology","EDP Services","http://www.nasdaq.com/symbol/zen",
"ZPIN","Zhaopin Limited","16.12","805051015.6","n/a","2014","Technology","Professional Services","http://www.nasdaq.com/symbol/zpin",
"ZIXI","Zix Corporation","4.43","252442783.61","n/a","n/a","Technology","EDP Services","http://www.nasdaq.com/symbol/zixi",
"ZNGA","Zynga Inc.","2.53","2306478666.91","n/a","2011","Technology","EDP Services","http://www.nasdaq.com/symbol/znga",
